Date,0050,00631L,00662,00865B
2021-03-11,29.229244232177734,111.0,46.61000061035156,37.099998474121094
2021-03-12,29.348596572875977,111.5,47.20000076293945,37.04999923706055
2021-03-15,29.272642135620117,111.4000015258789,46.900001525878906,37.04999923706055
2021-03-16,29.370296478271484,112.5,47.61000061035156,37.0099983215332
2021-03-17,29.120750427246094,110.8499984741211,47.7400016784668,37.099998474121094
2021-03-18,29.272642135620117,112.5,48.02000045776367,36.95000076293945
2021-03-19,28.816957473754883,109.05000305175781,46.810001373291016,37.18000030517578
2021-03-22,28.947153091430664,110.8499984741211,47.34000015258789,37.400001525878906
2021-03-23,28.990554809570312,110.5999984741211,47.68000030517578,37.279998779296875
2021-03-24,28.534860610961914,108.44999694824219,47.91999816894531,37.400001525878906
2021-03-25,28.632511138916016,109.25,47.2599983215332,37.5
2021-03-26,29.153305053710938,112.6500015258789,47.41999816894531,37.70000076293945
2021-03-29,29.39199447631836,114.5,47.130001068115234,37.58000183105469
2021-03-30,29.489643096923828,116.0,47.54999923706055,37.45000076293945
2021-03-31,29.240097045898438,114.3499984741211,47.31999969482422,37.400001525878906
2021-04-01,29.45709228515625,116.0,48.290000915527344,37.400001525878906
2021-04-07,29.90192985534668,119.5,49.720001220703125,37.349998474121094
2021-04-08,29.99958038330078,121.30000305175781,50.04999923706055,37.29999923706055
2021-04-09,29.934480667114258,120.3499984741211,50.29999923706055,37.25
2021-04-12,29.760883331298828,119.94999694824219,50.45000076293945,37.15999984741211
2021-04-13,29.760883331298828,119.6500015258789,50.400001525878906,37.189998626708984
2021-04-14,29.923625946044922,120.0999984741211,51.04999923706055,37.16999816894531
2021-04-15,30.173179626464844,123.05000305175781,50.599998474121094,37.150001525878906
2021-04-16,30.216575622558594,124.1500015258789,51.0,37.150001525878906
2021-04-19,30.27082633972168,125.5999984741211,51.04999923706055,36.95000076293945
2021-04-20,30.216575622558594,126.1500015258789,50.349998474121094,36.5
2021-04-21,29.945329666137695,124.5,49.58000183105469,36.5
2021-04-22,29.923625946044922,123.6500015258789,50.29999923706055,36.439998626708984
2021-04-23,30.194873809814453,126.0999984741211,49.83000183105469,36.599998474121094
2021-04-26,30.63971519470215,130.14999389648438,50.0,36.31999969482422
2021-04-27,30.65056610107422,130.60000610351562,50.400001525878906,36.400001525878906
2021-04-28,30.466121673583984,130.0,50.25,36.400001525878906
2021-04-29,30.509519577026367,130.4499969482422,50.25,36.29999923706055
2021-05-03,29.99958038330078,125.5,49.849998474121094,36.400001525878906
2021-05-04,29.739187240600586,121.55000305175781,49.40999984741211,36.29999923706055
2021-05-05,29.45709228515625,119.3499984741211,48.619998931884766,36.45000076293945
2021-05-06,29.717485427856445,121.69999694824219,48.599998474121094,36.54999923706055
2021-05-07,30.249126434326172,126.44999694824219,49.029998779296875,36.599998474121094
2021-05-10,30.042978286743164,125.30000305175781,49.0,36.400001525878906
2021-05-11,28.91460418701172,115.30000305175781,47.4900016784668,36.439998626708984
2021-05-12,28.07917022705078,105.0999984741211,47.689998626708984,36.650001525878906
2021-05-13,27.66688346862793,102.5999984741211,46.84000015258789,36.599998474121094
2021-05-14,27.981523513793945,105.19999694824219,47.459999084472656,36.540000915527344
2021-05-17,27.449886322021484,99.0999984741211,48.33000183105469,36.720001220703125
2021-05-18,28.708459854125977,110.1500015258789,48.09000015258789,36.79999923706055
2021-05-19,28.513160705566406,109.44999694824219,47.099998474121094,36.650001525878906
2021-05-20,28.31787109375,108.0,47.4900016784668,36.70000076293945
2021-05-21,28.719308853149414,111.69999694824219,48.5099983215332,36.790000915527344
2021-05-24,28.675905227661133,112.5,48.150001525878906,36.790000915527344
2021-05-25,29.164148330688477,116.44999694824219,49.04999923706055,36.68000030517578
2021-05-26,29.185850143432617,116.4000015258789,49.029998779296875,36.56999969482422
2021-05-27,28.97970199584961,115.69999694824219,48.83000183105469,36.70000076293945
2021-05-28,29.467941284179688,120.0,48.83000183105469,36.5
2021-05-31,29.75004005432129,122.0,48.5,36.400001525878906
2021-06-01,29.880229949951172,123.6500015258789,48.33000183105469,36.29999923706055
2021-06-02,29.880229949951172,123.0,48.349998474121094,36.45000076293945
2021-06-03,29.85853385925293,124.9000015258789,48.65999984741211,36.41999816894531
2021-06-04,29.717485427856445,123.44999694824219,48.13999938964844,36.439998626708984
2021-06-07,29.79343032836914,123.25,48.900001525878906,36.4900016784668
2021-06-08,29.61983871459961,122.30000305175781,49.25,36.439998626708984
2021-06-09,29.402843475341797,120.8499984741211,49.29999923706055,36.439998626708984
2021-06-10,29.85853385925293,124.1500015258789,49.25,36.47999954223633
2021-06-11,29.967037200927734,124.80000305175781,49.599998474121094,36.279998779296875
2021-06-15,30.129779815673828,127.1500015258789,50.29999923706055,36.400001525878906
2021-06-16,30.097225189208984,126.6500015258789,49.95000076293945,36.38999938964844
2021-06-17,30.010435104370117,127.19999694824219,49.65999984741211,36.5
2021-06-18,29.945329666137695,126.75,50.650001525878906,36.709999084472656
2021-06-21,29.229244232177734,122.05000305175781,50.25,36.79999923706055
2021-06-22,29.261796951293945,122.75,50.70000076293945,36.72999954223633
2021-06-23,29.739187240600586,126.94999694824219,51.349998474121094,36.880001068115234
2021-06-24,29.66323471069336,127.75,51.400001525878906,36.95000076293945
2021-06-25,29.717485427856445,128.64999389648438,51.5,36.849998474121094
2021-06-28,29.7717342376709,130.3000030517578,51.5,36.79999923706055
2021-06-29,29.85853385925293,130.10000610351562,51.95000076293945,36.720001220703125
2021-06-30,30.15147590637207,133.0500030517578,52.29999923706055,36.68000030517578
2021-07-01,30.010435104370117,131.64999389648438,52.04999923706055,36.59000015258789
2021-07-02,30.010435104370117,132.0,52.150001525878906,36.849998474121094
2021-07-05,30.292524337768555,135.89999389648438,52.70000076293945,36.7599983215332
2021-07-06,30.32506561279297,135.64999389648438,52.75,36.83000183105469
2021-07-07,30.162322998046875,133.85000610351562,53.099998474121094,36.83000183105469
2021-07-08,30.129779815673828,134.5,53.29999923706055,36.689998626708984
2021-07-09,29.891075134277344,131.5,52.95000076293945,37.099998474121094
2021-07-12,30.162322998046875,134.6999969482422,53.29999923706055,36.7599983215332
2021-07-13,30.4118709564209,134.85000610351562,53.5,36.79999923706055
2021-07-14,30.487817764282227,134.85000610351562,53.45000076293945,36.77000045776367
2021-07-15,30.769912719726562,137.85000610351562,53.650001525878906,36.779998779296875
2021-07-16,30.357622146606445,135.60000610351562,53.20000076293945,36.83000183105469
2021-07-19,30.010435104370117,133.60000610351562,52.79999923706055,36.83000183105469
2021-07-20,29.7717342376709,129.60000610351562,52.650001525878906,36.95000076293945
2021-07-21,29.73910140991211,128.75,53.099998474121094,36.970001220703125
2021-07-22,29.94577980041504,131.10000610351562,53.54999923706055,36.939998626708984
2021-07-23,29.94577980041504,131.1999969482422,54.0,36.95000076293945
2021-07-26,29.684715270996094,128.5,54.54999923706055,36.970001220703125
2021-07-27,29.6738338470459,127.9000015258789,54.45000076293945,36.939998626708984
2021-07-28,29.206104278564453,124.25,53.849998474121094,36.88999938964844
2021-07-29,29.69559097290039,129.8000030517578,53.900001525878906,36.779998779296875
2021-07-30,29.597694396972656,127.30000305175781,53.25,36.779998779296875
2021-08-02,30.00015640258789,131.64999389648438,53.95000076293945,36.66999816894531
2021-08-03,30.119813919067383,132.3000030517578,53.900001525878906,36.72999954223633
2021-08-04,30.293855667114258,133.75,53.79999923706055,36.61000061035156
2021-08-05,30.239465713500977,133.0,53.95000076293945,36.560001373291016
2021-08-06,30.195960998535156,131.89999389648438,54.25,36.58000183105469
2021-08-09,30.108938217163086,130.9499969482422,53.849998474121094,36.68000030517578
2021-08-10,29.94577980041504,129.1999969482422,54.25,36.619998931884766
2021-08-11,29.847877502441406,127.75,53.849998474121094,36.599998474121094
2021-08-12,29.793489456176758,127.5,53.650001525878906,36.619998931884766
2021-08-13,29.510671615600586,124.5,53.900001525878906,36.650001525878906
2021-08-16,29.445411682128906,122.80000305175781,54.20000076293945,36.7400016784668
2021-08-17,29.22786521911621,120.0,54.099998474121094,36.70000076293945
2021-08-18,29.347509384155273,122.75,53.70000076293945,36.66999816894531
2021-08-19,28.67310905456543,116.0,53.29999923706055,36.72999954223633
2021-08-20,28.444679260253906,115.5,53.599998474121094,36.869998931884766
2021-08-23,29.22786521911621,122.05000305175781,54.45000076293945,36.810001373291016
2021-08-24,29.314882278442383,123.25,55.0,36.790000915527344
2021-08-25,29.597694396972656,125.8499984741211,55.20000076293945,36.79999923706055
2021-08-26,29.804365158081055,126.3499984741211,55.04999923706055,36.79999923706055
2021-08-27,30.054550170898438,129.39999389648438,55.0,36.779998779296875
2021-08-30,30.34824562072754,131.8000030517578,55.349998474121094,36.61000061035156
2021-08-31,30.533157348632812,133.10000610351562,55.849998474121094,36.5
2021-09-01,30.674571990966797,133.6999969482422,55.75,36.4900016784668
2021-09-02,30.43526268005371,131.0500030517578,55.75,36.4900016784668
2021-09-03,30.870363235473633,134.89999389648438,55.79999923706055,36.439998626708984
2021-09-06,31.01177215576172,134.14999389648438,55.70000076293945,36.41999816894531
2021-09-07,30.870363235473633,133.25,55.79999923706055,36.41999816894531
2021-09-08,30.598417282104492,130.39999389648438,55.849998474121094,36.38999938964844
2021-09-09,30.52228355407715,130.64999389648438,55.5,36.40999984741211
2021-09-10,30.881242752075195,134.0500030517578,55.45000076293945,36.41999816894531
2021-09-13,30.77246856689453,133.1999969482422,55.04999923706055,36.439998626708984
2021-09-14,30.805105209350586,133.8000030517578,55.099998474121094,36.43000030517578
2021-09-15,30.620182037353516,132.4499969482422,54.900001525878906,36.4900016784668
2021-09-16,30.478775024414062,131.0,55.349998474121094,36.52000045776367
2021-09-17,30.565792083740234,132.35000610351562,55.349998474121094,36.63999938964844
2021-09-22,29.847877502441406,125.69999694824219,54.099998474121094,36.630001068115234
2021-09-23,30.021915435791016,128.3000030517578,54.599998474121094,36.5099983215332
2021-09-24,30.380878448486328,130.64999389648438,55.849998474121094,36.439998626708984
2021-09-27,30.457021713256836,131.3000030517578,55.0,36.45000076293945
2021-09-28,30.239465713500977,129.5500030517578,54.349998474121094,36.459999084472656
2021-09-29,29.58681297302246,124.05000305175781,53.349998474121094,36.58000183105469
2021-09-30,29.815244674682617,125.80000305175781,53.45000076293945,36.63999938964844
2021-10-01,29.140838623046875,119.5999984741211,52.54999923706055,36.650001525878906
2021-10-04,28.966800689697266,118.1500015258789,53.099998474121094,36.900001525878906
2021-10-05,28.923290252685547,118.19999694824219,52.29999923706055,36.599998474121094
2021-10-06,28.93416976928711,117.8499984741211,52.599998474121094,36.779998779296875
2021-10-07,29.445411682128906,122.94999694824219,53.599998474121094,36.72999954223633
2021-10-08,29.195228576660156,121.5,53.75,36.81999969482422
2021-10-12,28.90153694152832,118.55000305175781,53.29999923706055,36.84000015258789
2021-10-13,28.803634643554688,117.44999694824219,53.150001525878906,36.900001525878906
2021-10-14,28.87978172302246,118.3499984741211,53.75,36.88999938964844
2021-10-15,29.641202926635742,123.9000015258789,54.650001525878906,36.779998779296875
2021-10-18,29.55418586730957,122.94999694824219,54.54999923706055,36.880001068115234
2021-10-19,29.793489456176758,125.6500015258789,55.099998474121094,36.77000045776367
2021-10-20,29.717348098754883,125.5,55.25,36.68000030517578
2021-10-21,29.60857391357422,124.80000305175781,55.04999923706055,36.619998931884766
2021-10-22,29.69559097290039,125.30000305175781,55.29999923706055,36.70000076293945
2021-10-25,29.6738338470459,125.30000305175781,55.20000076293945,36.720001220703125
2021-10-26,29.924022674560547,127.55000305175781,55.79999923706055,36.70000076293945
2021-10-27,29.924022674560547,128.0500030517578,55.70000076293945,36.65999984741211
2021-10-28,29.836997985839844,127.4000015258789,55.900001525878906,36.59000015258789
2021-10-29,29.54330825805664,125.94999694824219,55.900001525878906,36.56999969482422
2021-11-01,29.69559097290039,127.9000015258789,56.79999923706055,36.59000015258789
2021-11-02,29.641202926635742,126.94999694824219,56.75,36.59000015258789
2021-11-03,29.717348098754883,128.0500030517578,57.150001525878906,36.68000030517578
2021-11-04,29.619449615478516,128.0,57.95000076293945,36.630001068115234
2021-11-05,30.043678283691406,130.75,58.75,36.66999816894531
2021-11-08,30.282974243164062,132.6999969482422,58.54999923706055,36.709999084472656
2021-11-09,30.609304428100586,135.1999969482422,58.5,36.59000015258789
2021-11-10,30.565792083740234,135.0,57.599998474121094,36.45000076293945
2021-11-11,30.293855667114258,133.35000610351562,57.20000076293945,36.540000915527344
2021-11-12,30.39175033569336,134.39999389648438,57.400001525878906,36.63999938964844
2021-11-15,30.6636905670166,136.64999389648438,58.0,36.529998779296875
2021-11-16,30.718076705932617,136.75,57.70000076293945,36.560001373291016
2021-11-17,30.815977096557617,137.85000610351562,58.349998474121094,36.599998474121094
2021-11-18,30.99001693725586,139.85000610351562,58.5,36.529998779296875
2021-11-19,31.066158294677734,139.60000610351562,59.29999923706055,36.540000915527344
2021-11-22,30.99001693725586,139.5500030517578,59.5,36.54999923706055
2021-11-23,30.696331024169922,136.64999389648438,58.599998474121094,36.54999923706055
2021-11-24,30.565792083740234,136.35000610351562,58.349998474121094,36.529998779296875
2021-11-25,30.554916381835938,136.35000610351562,58.79999923706055,36.5099983215332
2021-11-26,30.054550170898438,131.35000610351562,58.400001525878906,36.560001373291016
2021-11-29,30.054550170898438,131.10000610351562,58.20000076293945,36.529998779296875
2021-11-30,30.021915435791016,131.6999969482422,58.54999923706055,36.459999084472656
2021-12-01,30.52228355407715,135.39999389648438,58.400001525878906,36.459999084472656
2021-12-02,30.848608016967773,137.25,57.150001525878906,36.459999084472656
2021-12-03,30.837738037109375,137.60000610351562,57.150001525878906,36.43000030517578
2021-12-06,30.750713348388672,137.0,56.29999923706055,36.619998931884766
2021-12-07,30.848608016967773,138.14999389648438,57.099998474121094,36.470001220703125
2021-12-08,30.968257904052734,139.8000030517578,58.599998474121094,36.40999984741211
2021-12-09,30.892118453979492,139.85000610351562,58.5,36.400001525878906
2021-12-10,30.881242752075195,139.25,57.79999923706055,36.400001525878906
2021-12-13,30.783344268798828,138.5,58.54999923706055,36.459999084472656
2021-12-14,30.478775024414062,135.3000030517578,57.70000076293945,36.560001373291016
2021-12-15,30.52228355407715,135.8000030517578,57.150001525878906,36.540000915527344
2021-12-16,30.902997970581055,139.14999389648438,58.54999923706055,36.630001068115234
2021-12-17,30.870363235473633,138.8000030517578,56.849998474121094,36.810001373291016
2021-12-20,30.598417282104492,136.39999389648438,56.04999923706055,36.58000183105469
2021-12-21,30.859487533569336,139.4499969482422,56.70000076293945,36.599998474121094
2021-12-22,30.859487533569336,139.6999969482422,57.20000076293945,36.540000915527344
2021-12-23,31.033517837524414,141.25,57.900001525878906,36.470001220703125
2021-12-24,31.120546340942383,141.6999969482422,58.20000076293945,36.470001220703125
2021-12-27,31.359853744506836,143.60000610351562,58.400001525878906,36.380001068115234
2021-12-28,31.61003875732422,145.64999389648438,59.04999923706055,36.31999969482422
2021-12-29,31.751440048217773,146.75,58.900001525878906,36.34000015258789
2021-12-30,31.653539657592773,146.0,58.79999923706055,36.310001373291016
2022-01-03,31.84933853149414,146.5500030517578,58.650001525878906,36.5
2022-01-04,32.54549789428711,151.1999969482422,58.75,36.20000076293945
2022-01-05,32.4802360534668,150.39999389648438,57.650001525878906,36.290000915527344
2022-01-06,32.175662994384766,148.25,55.900001525878906,36.349998474121094
2022-01-07,31.89284896850586,145.25,56.349998474121094,36.31999969482422
2022-01-10,32.09952163696289,146.75,55.900001525878906,36.369998931884766
2022-01-11,32.26268768310547,146.9499969482422,55.79999923706055,36.34000015258789
2022-01-12,32.53462600708008,148.89999389648438,56.599998474121094,36.31999969482422
2022-01-13,32.697784423828125,150.14999389648438,56.599998474121094,36.31999969482422
2022-01-14,32.697784423828125,149.35000610351562,55.349998474121094,36.290000915527344
2022-01-17,33.067623138427734,151.9499969482422,55.349998474121094,36.189998626708984
2022-01-18,32.697784423828125,149.60000610351562,55.0,36.150001525878906
2022-01-19,32.30619430541992,146.35000610351562,53.75,36.220001220703125
2022-01-20,32.436729431152344,147.5,53.900001525878906,36.2400016784668
2022-01-21,31.714170455932617,141.4499969482422,52.29999923706055,36.34000015258789
2022-01-24,32.014312744140625,143.10000610351562,52.04999923706055,36.310001373291016
2022-01-25,31.491857528686523,138.14999389648438,51.150001525878906,36.31999969482422
2022-01-26,31.469629287719727,137.85000610351562,50.79999923706055,36.369998931884766
2022-02-07,31.636369705200195,141.5,52.79999923706055,36.369998931884766
2022-02-08,31.769758224487305,142.89999389648438,52.25,36.369998931884766
2022-02-09,31.880922317504883,145.60000610351562,53.20000076293945,36.470001220703125
2022-02-10,32.24774932861328,148.10000610351562,53.95000076293945,36.380001068115234
2022-02-11,32.22551727294922,147.5500030517578,52.29999923706055,36.45000076293945
2022-02-14,31.725299835205078,143.10000610351562,51.349998474121094,36.599998474121094
2022-02-15,31.580785751342773,142.0500030517578,51.20000076293945,36.47999954223633
2022-02-16,32.103240966796875,147.0,52.45000076293945,36.529998779296875
2022-02-17,32.12547302246094,147.35000610351562,52.20000076293945,36.52000045776367
2022-02-18,32.03654479980469,147.3000030517578,51.349998474121094,36.470001220703125
2022-02-21,31.969846725463867,146.9499969482422,50.599998474121094,36.470001220703125
2022-02-22,31.53632354736328,141.85000610351562,49.310001373291016,36.5
2022-02-23,31.625255584716797,143.75,50.25,36.5099983215332
2022-02-24,30.858243942260742,136.0500030517578,47.72999954223633,36.52000045776367
2022-02-25,30.791545867919922,136.4499969482422,50.04999923706055,36.68000030517578
2022-03-01,31.22507095336914,141.35000610351562,51.349998474121094,36.720001220703125
2022-03-02,31.04721450805664,140.4499969482422,51.0,36.66999816894531
2022-03-03,31.113910675048828,140.9499969482422,51.400001525878906,36.7599983215332
2022-03-04,30.780426025390625,137.9499969482422,50.5,36.81999969482422
2022-03-07,29.791099548339844,128.64999389648438,49.720001220703125,37.099998474121094
2022-03-08,29.157480239868164,123.0,48.400001525878906,37.09000015258789
2022-03-09,29.45761489868164,126.3499984741211,48.72999954223633,37.11000061035156
2022-03-10,30.313556671142578,133.10000610351562,50.04999923706055,37.09000015258789
2022-03-11,29.880023956298828,129.8000030517578,49.380001068115234,37.08000183105469
2022-03-14,29.880023956298828,130.14999389648438,49.16999816894531,37.18000030517578
2022-03-15,29.268640518188477,124.8499984741211,48.34000015258789,37.41999816894531
2022-03-16,29.390914916992188,125.9000015258789,49.75,37.45000076293945
2022-03-17,30.324665069580078,133.85000610351562,51.150001525878906,37.310001373291016
2022-03-18,30.257972717285156,132.85000610351562,51.04999923706055,37.16999816894531
2022-03-21,30.458059310913086,134.5500030517578,52.599998474121094,37.29999923706055
2022-03-22,30.413597106933594,135.0500030517578,52.70000076293945,37.380001068115234
2022-03-23,30.702619552612305,137.6999969482422,53.79999923706055,37.290000915527344
2022-03-24,30.680381774902344,137.39999389648438,53.5,37.40999984741211
2022-03-25,30.724849700927734,136.8000030517578,54.400001525878906,37.380001068115234
2022-03-28,30.3913631439209,134.3000030517578,54.45000076293945,37.61000061035156
2022-03-29,30.424713134765625,135.0500030517578,55.349998474121094,37.599998474121094
2022-03-30,30.802658081054688,137.9499969482422,55.849998474121094,37.380001068115234
2022-03-31,30.702619552612305,136.9499969482422,55.70000076293945,37.45000076293945
2022-04-01,30.446945190429688,135.3000030517578,55.0,37.5099983215332
2022-04-06,30.291318893432617,134.1999969482422,54.95000076293945,37.70000076293945
2022-04-07,29.746633529663086,129.0,53.599998474121094,37.650001525878906
2022-04-08,29.91337013244629,130.9499969482422,54.20000076293945,37.84000015258789
2022-04-11,29.446495056152344,126.5,53.0,37.880001068115234
2022-04-12,29.468730926513672,126.9000015258789,52.25,38.150001525878906
2022-04-13,30.024532318115234,131.14999389648438,52.45000076293945,37.900001525878906
2022-04-14,29.91337013244629,130.85000610351562,53.349998474121094,37.93000030517578
2022-04-15,29.40203285217285,126.30000305175781,52.5,38.040000915527344
2022-04-18,29.24640655517578,124.80000305175781,51.900001525878906,38.209999084472656
2022-04-19,29.34644889831543,126.69999694824219,52.70000076293945,38.189998626708984
2022-04-20,29.490962982177734,128.0,53.29999923706055,38.16999816894531
2022-04-21,29.513195037841797,128.85000610351562,53.349998474121094,38.20000076293945
2022-04-22,29.25752830505371,126.5999984741211,51.900001525878906,38.220001220703125
2022-04-25,28.73506736755371,120.44999694824219,50.400001525878906,38.34000015258789
2022-04-26,28.73506736755371,120.5999984741211,51.29999923706055,38.31999969482422
2022-04-27,28.13479995727539,116.3499984741211,49.470001220703125,38.380001068115234
2022-04-28,28.257078170776367,118.0,50.20000076293945,38.54999923706055
2022-04-29,28.62390899658203,120.5,50.95000076293945,38.540000915527344
2022-05-03,28.412700653076172,119.0999984741211,50.150001525878906,38.560001373291016
2022-05-04,28.412700653076172,119.6500015258789,50.04999923706055,38.59000015258789
2022-05-05,28.73506736755371,122.0,51.45000076293945,38.52000045776367
2022-05-06,28.15703010559082,117.30000305175781,49.25,38.880001068115234
2022-05-09,27.690156936645508,112.3499984741211,48.20000076293945,38.93000030517578
2022-05-10,27.567880630493164,112.55000305175781,47.29999923706055,38.81999969482422
2022-05-11,27.61234474182129,112.1500015258789,47.68000030517578,38.84000015258789
2022-05-12,26.956497192382812,106.8499984741211,45.86000061035156,38.90999984741211
2022-05-13,27.2010498046875,109.6500015258789,46.56999969482422,38.91999816894531
2022-05-16,27.345561981201172,110.6500015258789,47.369998931884766,38.970001220703125
2022-05-17,27.645694732666016,113.0,47.290000915527344,38.77000045776367
2022-05-18,27.945825576782227,115.30000305175781,47.900001525878906,38.779998779296875
2022-05-19,27.41225814819336,111.69999694824219,45.81999969482422,38.900001525878906
2022-05-20,27.712390899658203,113.94999694824219,45.91999816894531,38.81999969482422
2022-05-23,27.767969131469727,114.19999694824219,45.79999923706055,38.65999984741211
2022-05-24,27.45672035217285,111.30000305175781,45.20000076293945,38.54999923706055
2022-05-25,27.667924880981445,113.5999984741211,45.310001373291016,38.52000045776367
2022-05-26,27.323328018188477,111.30000305175781,45.189998626708984,38.5099983215332
2022-05-27,27.90135955810547,115.3499984741211,46.439998626708984,38.33000183105469
2022-05-30,28.579444885253906,120.5,48.150001525878906,38.040000915527344
2022-05-31,28.857345581054688,121.94999694824219,47.790000915527344,37.93000030517578
2022-06-01,28.712833404541016,121.19999694824219,47.61000061035156,38.0099983215332
2022-06-02,28.412700653076172,119.6500015258789,47.41999816894531,38.33000183105469
2022-06-06,28.612791061401367,120.80000305175781,47.86000061035156,38.439998626708984
2022-06-07,28.323774337768555,118.69999694824219,47.45000076293945,38.4900016784668
2022-06-08,28.63502311706543,121.25,48.119998931884766,38.5099983215332
2022-06-09,28.54609489440918,120.75,47.95000076293945,38.5
2022-06-10,28.257078170776367,118.75,46.959999084472656,38.58000183105469
2022-06-13,27.467838287353516,112.44999694824219,44.619998931884766,38.75
2022-06-14,27.423372268676758,112.19999694824219,43.93000030517578,38.720001220703125
2022-06-15,27.289976119995117,111.19999694824219,43.470001220703125,38.68000030517578
2022-06-16,27.234399795532227,109.44999694824219,44.34000015258789,38.689998626708984
2022-06-17,26.86756706237793,107.0999984741211,43.16999816894531,38.70000076293945
2022-06-20,26.62301254272461,103.5999984741211,43.29999923706055,38.650001525878906
2022-06-21,27.167701721191406,108.8499984741211,43.900001525878906,38.630001068115234
2022-06-22,26.567434310913086,103.9000015258789,43.90999984741211,38.630001068115234
2022-06-23,26.21171760559082,102.1500015258789,44.220001220703125,38.75
2022-06-24,26.26729965209961,104.0,45.279998779296875,38.65999984741211
2022-06-27,26.889801025390625,107.94999694824219,46.189998626708984,38.5
2022-06-28,26.634132385253906,106.0,45.849998474121094,38.5
2022-06-29,26.41180992126465,104.05000305175781,44.65999984741211,38.65999984741211
2022-06-30,25.744844436645508,98.3499984741211,44.31999969482422,38.630001068115234
2022-07-01,24.799978256225586,92.3499984741211,43.68000030517578,38.779998779296875
2022-07-04,24.555421829223633,91.5,44.150001525878906,38.77000045776367
2022-07-05,24.677698135375977,92.80000305175781,44.70000076293945,38.72999954223633
2022-07-06,24.199708938598633,88.44999694824219,45.22999954223633,38.77000045776367
2022-07-07,24.922252655029297,93.05000305175781,45.7599983215332,38.7599983215332
2022-07-08,25.17792320251465,94.80000305175781,46.2599983215332,38.7599983215332
2022-07-11,24.955602645874023,93.3499984741211,46.099998474121094,38.79999923706055
2022-07-12,24.355335235595703,88.5,45.40999984741211,38.88999938964844
2022-07-13,25.22238540649414,93.80000305175781,45.31999969482422,38.869998931884766
2022-07-14,25.344663619995117,95.25,45.060001373291016,38.81999969482422
2022-07-15,25.678144454956055,96.80000305175781,45.5099983215332,38.91999816894531
2022-07-18,25.791067123413086,98.30000305175781,46.560001373291016,38.93000030517578
2022-07-19,25.81365394592285,98.8499984741211,45.86000061035156,38.91999816894531
2022-07-20,25.983034133911133,100.0,47.290000915527344,38.880001068115234
2022-07-21,26.276626586914062,102.0999984741211,47.880001068115234,38.91999816894531
2022-07-22,26.378253936767578,102.30000305175781,48.18000030517578,38.900001525878906
2022-07-25,26.355669021606445,102.5999984741211,47.689998626708984,38.939998626708984
2022-07-26,26.1185359954834,101.0,47.290000915527344,38.97999954223633
2022-07-27,26.355669021606445,102.44999694824219,47.34000015258789,38.959999084472656
2022-07-28,26.400840759277344,102.6500015258789,48.290000915527344,38.9900016784668
2022-07-29,26.649263381958008,104.19999694824219,49.689998626708984,38.97999954223633
2022-08-01,26.570222854614258,103.94999694824219,49.849998474121094,39.04999923706055
2022-08-02,26.147071838378906,100.3499984741211,49.810001373291016,39.119998931884766
2022-08-03,26.305469512939453,101.0,49.95000076293945,39.04999923706055
2022-08-04,26.373353958129883,100.75,51.04999923706055,39.06999969482422
2022-08-05,27.040891647338867,106.0,51.54999923706055,39.09000015258789
2022-08-08,26.984315872192383,105.44999694824219,51.20000076293945,39.06999969482422
2022-08-09,26.96169090270996,105.75,51.0,39.040000915527344
2022-08-10,26.678834915161133,104.0,50.29999923706055,39.0099983215332
2022-08-11,27.165346145629883,107.80000305175781,51.849998474121094,39.0
2022-08-12,27.33505630493164,109.44999694824219,51.5,39.02000045776367
2022-08-15,27.58397102355957,111.1500015258789,52.29999923706055,39.04999923706055
2022-08-16,27.629222869873047,111.25,52.79999923706055,39.04999923706055
2022-08-17,27.640541076660156,111.4000015258789,52.75,39.06999969482422
2022-08-18,27.459510803222656,110.4000015258789,52.0,39.06999969482422
2022-08-19,27.504772186279297,110.80000305175781,52.099998474121094,39.09000015258789
2022-08-22,27.165346145629883,108.94999694824219,51.150001525878906,39.11000061035156
2022-08-23,26.746721267700195,106.19999694824219,50.04999923706055,39.2599983215332
2022-08-24,26.678834915161133,105.6500015258789,50.150001525878906,39.31999969482422
2022-08-25,26.92774772644043,107.80000305175781,50.54999923706055,39.34000015258789
2022-08-26,27.063518524169922,108.80000305175781,51.099998474121094,39.36000061035156
2022-08-29,26.373353958129883,103.0999984741211,48.810001373291016,39.52000045776367
2022-08-30,26.418607711791992,104.25,49.18000030517578,39.650001525878906
2022-08-31,26.610950469970703,105.6500015258789,48.77000045776367,39.599998474121094
2022-09-01,26.056556701660156,101.0,47.77000045776367,39.689998626708984
2022-09-02,25.773700714111328,99.4000015258789,48.349998474121094,39.77000045776367
2022-09-05,25.83027458190918,99.55000305175781,47.90999984741211,39.939998626708984
2022-09-06,25.99998664855957,99.9000015258789,48.2599983215332,40.06999969482422
2022-09-07,25.389019012451172,95.9000015258789,47.68000030517578,40.2400016784668
2022-09-08,25.57004737854004,98.0999984741211,48.86000061035156,40.189998626708984
2022-09-12,26.113126754760742,101.9000015258789,50.04999923706055,40.16999816894531
2022-09-13,26.2488956451416,102.8499984741211,50.650001525878906,40.16999816894531
2022-09-14,25.717130661010742,99.0,48.34000015258789,40.369998931884766
2022-09-15,25.762386322021484,99.6500015258789,48.65999984741211,40.369998931884766
2022-09-16,25.468217849731445,97.44999694824219,47.72999954223633,40.61000061035156
2022-09-19,25.35507583618164,96.5,47.79999923706055,40.77000045776367
2022-09-20,25.58135986328125,98.19999694824219,48.5,40.709999084472656
2022-09-21,25.366392135620117,96.69999694824219,48.130001068115234,40.849998474121094
2022-09-22,25.060909271240234,94.19999694824219,47.130001068115234,41.099998474121094
2022-09-23,24.82331085205078,92.69999694824219,46.93000030517578,41.15999984741211
2022-09-26,24.359432220458984,88.1500015258789,46.150001525878906,41.459999084472656
2022-09-27,24.32548713684082,88.69999694824219,46.43000030517578,41.29999923706055
2022-09-28,23.81634521484375,84.6500015258789,45.88999938964844,41.369998931884766
2022-09-29,23.737152099609375,85.05000305175781,47.11000061035156,41.310001373291016
2022-09-30,23.409038543701172,83.19999694824219,45.790000915527344,41.27000045776367
2022-10-03,23.126184463500977,81.5,44.79999923706055,41.40999984741211
2022-10-04,23.714521408081055,85.55000305175781,46.4900016784668,41.290000915527344
2022-10-05,24.2689151763916,88.30000305175781,46.88999938964844,41.119998931884766
2022-10-06,24.438627243041992,89.1500015258789,47.279998779296875,40.9900016784668
2022-10-07,24.03131866455078,86.8499984741211,46.63999938964844,41.15999984741211
2022-10-11,22.786758422851562,78.8499984741211,44.72999954223633,41.279998779296875
2022-10-12,22.673616409301758,78.5999984741211,44.5,41.400001525878906
2022-10-13,22.402076721191406,75.5999984741211,44.22999954223633,41.41999816894531
2022-10-14,23.046981811523438,79.94999694824219,45.56999969482422,41.439998626708984
2022-10-17,22.61704444885254,79.3499984741211,44.45000076293945,41.599998474121094
2022-10-18,22.877269744873047,79.1500015258789,46.34000015258789,41.4900016784668
2022-10-19,22.571788787841797,77.80000305175781,46.29999923706055,41.63999938964844
2022-10-20,22.44733238220215,76.69999694824219,45.79999923706055,41.779998779296875
2022-10-21,22.37944984436035,75.5999984741211,45.400001525878906,41.75
2022-10-24,22.31156349182129,76.25,46.95000076293945,41.79999923706055
2022-10-25,21.881624221801758,74.0,47.560001373291016,41.880001068115234
2022-10-26,22.08527946472168,74.80000305175781,47.54999923706055,41.970001220703125
2022-10-27,22.402076721191406,76.94999694824219,47.279998779296875,41.720001220703125
2022-10-28,22.11922264099121,74.9000015258789,45.88999938964844,41.779998779296875
2022-10-31,22.41339111328125,76.94999694824219,47.79999923706055,41.900001525878906
2022-11-01,22.537845611572266,78.19999694824219,47.58000183105469,42.0
2022-11-02,22.628360748291016,78.80000305175781,46.97999954223633,42.0
2022-11-03,22.334190368652344,77.3499984741211,45.4900016784668,41.970001220703125
2022-11-04,22.368133544921875,77.94999694824219,44.56999969482422,42.0
2022-11-07,22.7528133392334,80.30000305175781,44.849998474121094,41.81999969482422
2022-11-08,22.99041175842285,81.44999694824219,45.27000045776367,41.66999816894531
2022-11-09,23.646635055541992,85.19999694824219,45.4900016784668,41.470001220703125
2022-11-10,23.420351028442383,83.5999984741211,44.40999984741211,41.41999816894531
2022-11-11,24.6649112701416,90.6500015258789,46.900001525878906,40.84000015258789
2022-11-14,24.89119529724121,92.19999694824219,47.02000045776367,40.470001220703125
2022-11-15,25.954729080200195,97.75,47.189998626708984,40.47999954223633
2022-11-16,25.90947151184082,97.80000305175781,47.65999984741211,40.59000015258789
2022-11-17,25.920785903930664,98.1500015258789,47.099998474121094,40.61000061035156
2022-11-18,25.852901458740234,97.19999694824219,46.959999084472656,40.650001525878906
2022-11-21,25.762386322021484,96.75,46.81999969482422,40.599998474121094
2022-11-22,25.977357864379883,97.8499984741211,46.41999816894531,40.61000061035156
2022-11-23,26.158384323120117,99.30000305175781,47.040000915527344,40.540000915527344
2022-11-24,26.40729331970215,101.55000305175781,47.310001373291016,40.439998626708984
2022-11-25,26.40729331970215,100.80000305175781,47.08000183105469,40.220001220703125
2022-11-28,25.875526428222656,97.8499984741211,46.5099983215332,40.400001525878906
2022-11-29,26.113126754760742,99.94999694824219,46.459999084472656,40.380001068115234
2022-11-30,26.328096389770508,102.0999984741211,45.79999923706055,40.31999969482422
2022-12-01,26.780664443969727,104.3499984741211,47.5,39.93000030517578
2022-12-02,26.543066024780273,103.05000305175781,47.29999923706055,39.88999938964844
2022-12-05,26.577007293701172,103.55000305175781,47.029998779296875,39.779998779296875
2022-12-06,26.090497970581055,100.0999984741211,46.45000076293945,39.900001525878906
2022-12-07,25.932100296020508,99.0999984741211,45.77000045776367,40.02000045776367
2022-12-08,25.626617431640625,97.5,45.40999984741211,40.04999923706055
2022-12-09,26.022613525390625,100.0,46.11000061035156,40.0099983215332
2022-12-12,25.773700714111328,98.4000015258789,45.720001220703125,40.150001525878906
2022-12-13,25.660560607910156,97.6500015258789,46.290000915527344,40.18000030517578
2022-12-14,25.977357864379883,100.30000305175781,46.7599983215332,40.029998779296875
2022-12-15,25.99998664855957,100.4000015258789,46.290000915527344,40.06999969482422
2022-12-16,25.57004737854004,96.94999694824219,44.939998626708984,40.310001373291016
2022-12-19,25.422962188720703,96.05000305175781,44.650001525878906,40.310001373291016
2022-12-20,24.95907974243164,92.5,43.88999938964844,40.220001220703125
2022-12-21,25.060909271240234,93.19999694824219,44.02000045776367,40.13999938964844
2022-12-22,25.47953224182129,96.4000015258789,44.5099983215332,40.150001525878906
2022-12-23,25.049592971801758,93.69999694824219,43.45000076293945,40.27000045776367
2022-12-26,25.140106201171875,94.3499984741211,43.54999923706055,40.20000076293945
2022-12-27,25.253250122070312,95.05000305175781,43.81999969482422,40.209999084472656
2022-12-28,24.89119529724121,92.4000015258789,42.880001068115234,40.220001220703125
2022-12-29,24.77805519104004,91.69999694824219,42.439998626708984,40.22999954223633
2022-12-30,24.936452865600586,92.80000305175781,43.31999969482422,40.25
2023-01-03,25.060909271240234,94.05000305175781,43.310001373291016,40.189998626708984
2023-01-04,25.004337310791016,93.80000305175781,43.119998931884766,40.189998626708984
2023-01-05,25.18536376953125,94.5,43.15999984741211,40.189998626708984
2023-01-06,25.298507690429688,95.9000015258789,42.68000030517578,40.279998779296875
2023-01-09,26.203638076782227,101.19999694824219,43.689998626708984,40.08000183105469
2023-01-10,26.305469512939453,102.30000305175781,43.45000076293945,39.959999084472656
2023-01-11,26.328096389770508,101.69999694824219,43.970001220703125,39.95000076293945
2023-01-12,26.214954376220703,101.1500015258789,44.70000076293945,39.88999938964844
2023-01-13,26.520437240600586,102.5999984741211,44.72999954223633,39.900001525878906
2023-01-16,26.724090576171875,104.0,45.029998779296875,39.709999084472656
2023-01-17,26.724090576171875,104.0,44.81999969482422,39.81999969482422
2023-01-30,27.92725372314453,111.55000305175781,46.880001068115234,39.63999938964844
2023-01-31,27.3719482421875,109.30000305175781,45.900001525878906,39.47999954223633
2023-02-01,27.533912658691406,110.55000305175781,46.38999938964844,39.47999954223633
2023-02-02,27.99666976928711,113.5999984741211,47.459999084472656,39.029998779296875
2023-02-03,27.99666976928711,113.55000305175781,48.060001373291016,39.06999969482422
2023-02-06,27.591754913330078,110.69999694824219,48.0,39.349998474121094
2023-02-07,27.533912658691406,110.69999694824219,48.119998931884766,39.5099983215332
2023-02-08,27.961963653564453,113.6500015258789,49.11000061035156,39.52000045776367
2023-02-09,27.973529815673828,113.5,48.459999084472656,39.560001373291016
2023-02-10,27.99666976928711,113.1500015258789,47.849998474121094,39.61000061035156
2023-02-13,27.938823699951172,112.69999694824219,47.709999084472656,39.790000915527344
2023-02-14,28.147062301635742,114.5,48.43000030517578,39.68000030517578
2023-02-15,27.49920654296875,110.19999694824219,48.70000076293945,39.90999984741211
2023-02-16,27.834707260131836,112.94999694824219,49.47999954223633,39.83000183105469
2023-02-17,27.4760684967041,111.05000305175781,48.380001068115234,39.97999954223633
2023-02-20,27.533912658691406,112.0,48.29999923706055,39.970001220703125
2023-02-21,27.5223445892334,112.05000305175781,48.15999984741211,39.959999084472656
2023-02-22,27.221553802490234,109.80000305175781,47.38999938964844,40.150001525878906
2023-02-23,27.626462936401367,113.0999984741211,47.58000183105469,39.95000076293945
2023-02-24,27.487638473510742,111.8499984741211,47.7400016784668,40.119998931884766
2023-03-01,27.614892959594727,112.5,47.529998779296875,40.290000915527344
2023-03-02,27.591754913330078,112.4000015258789,46.86000061035156,40.33000183105469
2023-03-03,27.614892959594727,112.9000015258789,47.5,40.31999969482422
2023-03-06,27.880977630615234,115.44999694824219,48.599998474121094,40.2400016784668
2023-03-07,28.066082000732422,117.0,48.68000030517578,40.29999923706055
2023-03-08,27.834707260131836,115.6500015258789,48.25,40.47999954223633
2023-03-09,27.81156349182129,115.0,48.47999954223633,40.560001373291016
2023-03-10,27.3719482421875,111.0,47.5,40.68000030517578
2023-03-13,27.487638473510742,111.8499984741211,47.619998931884766,40.470001220703125
2023-03-14,27.186847686767578,109.25,47.20000076293945,40.369998931884766
2023-03-15,27.209983825683594,109.80000305175781,48.099998474121094,40.43000030517578
2023-03-16,27.08272933959961,107.9000015258789,48.619998931884766,40.61000061035156
2023-03-17,27.5223445892334,111.0,49.61000061035156,40.47999954223633
2023-03-20,27.32567024230957,110.1500015258789,49.459999084472656,40.470001220703125
2023-03-21,27.452930450439453,111.5,49.56999969482422,40.5099983215332
2023-03-22,27.973529815673828,115.3499984741211,50.20000076293945,40.40999984741211
2023-03-23,28.19333839416504,117.0,49.29999923706055,40.189998626708984
2023-03-24,28.274322509765625,118.30000305175781,49.88999938964844,40.22999954223633
2023-03-27,28.100786209106445,116.9000015258789,50.25,40.25
2023-03-28,27.857839584350586,114.5,49.68000030517578,40.209999084472656
2023-03-29,27.904117584228516,115.44999694824219,49.709999084472656,40.29999923706055
2023-03-30,28.04294204711914,116.80000305175781,50.5,40.349998474121094
2023-03-31,28.135496139526367,117.5,51.04999923706055,40.29999923706055
2023-04-06,27.99666976928711,116.0,50.900001525878906,40.47999954223633
2023-04-07,27.99666976928711,116.5999984741211,51.349998474121094,40.41999816894531
2023-04-10,27.99666976928711,117.3499984741211,51.20000076293945,40.380001068115234
2023-04-11,27.961963653564453,117.9000015258789,51.20000076293945,40.41999816894531
2023-04-12,27.892547607421875,117.9000015258789,51.0,40.439998626708984
2023-04-13,27.64960289001465,116.25,50.650001525878906,40.45000076293945
2023-04-14,27.91568374633789,118.44999694824219,51.25,40.36000061035156
2023-04-17,27.846271514892578,118.0,51.099998474121094,40.439998626708984
2023-04-18,27.753719329833984,117.1500015258789,51.20000076293945,40.439998626708984
2023-04-19,27.545480728149414,116.0999984741211,51.20000076293945,40.4900016784668
2023-04-20,27.51077651977539,115.0,51.349998474121094,40.619998931884766
2023-04-21,27.441360473632812,113.69999694824219,51.04999923706055,40.630001068115234
2023-04-24,27.337244033813477,113.80000305175781,50.95000076293945,40.650001525878906
2023-04-25,26.978607177734375,110.19999694824219,50.849998474121094,40.709999084472656
2023-04-26,26.862918853759766,110.0999984741211,50.79999923706055,40.7599983215332
2023-04-27,26.839778900146484,110.30000305175781,50.79999923706055,40.75
2023-04-28,27.163707733154297,112.8499984741211,51.849998474121094,40.720001220703125
2023-05-02,27.233121871948242,113.75,52.29999923706055,40.83000183105469
2023-05-03,27.117433547973633,112.6500015258789,51.70000076293945,40.84000015258789
2023-05-04,27.186847686767578,113.3499984741211,51.650001525878906,40.7599983215332
2023-05-05,27.256261825561523,113.69999694824219,51.400001525878906,40.72999954223633
2023-05-08,27.429794311523438,114.8499984741211,52.29999923706055,40.72999954223633
2023-05-09,27.51077651977539,115.25,52.349998474121094,40.75
2023-05-10,27.256261825561523,113.30000305175781,52.20000076293945,40.84000015258789
2023-05-11,27.19841957092285,112.1500015258789,52.79999923706055,40.849998474121094
2023-05-12,27.117433547973633,112.1500015258789,53.099998474121094,40.90999984741211
2023-05-15,27.117433547973633,111.8499984741211,52.95000076293945,40.970001220703125
2023-05-16,27.441360473632812,114.69999694824219,53.04999923706055,40.91999816894531
2023-05-17,27.892547607421875,118.19999694824219,53.349998474121094,40.97999954223633
2023-05-18,28.262752532958984,120.94999694824219,53.75,40.880001068115234
2023-05-19,28.343734741210938,122.0,54.70000076293945,40.869998931884766
2023-05-22,28.29745864868164,121.80000305175781,54.45000076293945,40.779998779296875
2023-05-23,28.274322509765625,122.0999984741211,54.599998474121094,40.84000015258789
2023-05-24,28.135496139526367,121.1500015258789,54.04999923706055,40.91999816894531
2023-05-25,28.470993041992188,123.25,54.70000076293945,40.970001220703125
2023-05-26,29.141984939575195,127.0,55.04999923706055,40.88999938964844
2023-05-29,29.32708740234375,129.10000610351562,56.650001525878906,40.72999954223633
2023-05-30,29.32708740234375,129.1999969482422,56.70000076293945,40.68000030517578
2023-05-31,29.18825912475586,128.25,56.75,40.869998931884766
2023-06-01,28.95688247680664,127.44999694824219,56.45000076293945,40.849998474121094
2023-06-02,29.32708740234375,130.8000030517578,57.29999923706055,40.79999923706055
2023-06-05,29.234535217285156,130.35000610351562,57.400001525878906,40.81999969482422
2023-06-06,29.31551742553711,131.10000610351562,57.54999923706055,40.88999938964844
2023-06-07,29.639448165893555,133.8000030517578,57.599998474121094,40.900001525878906
2023-06-08,29.350223541259766,130.8000030517578,56.54999923706055,40.939998626708984
2023-06-09,29.57003402709961,133.3000030517578,57.400001525878906,40.959999084472656
2023-06-12,29.847686767578125,134.75,57.70000076293945,40.9900016784668
2023-06-13,30.43769645690918,139.35000610351562,58.849998474121094,40.939998626708984
2023-06-14,30.426128387451172,139.1999969482422,58.849998474121094,40.95000076293945
2023-06-15,30.518680572509766,140.85000610351562,59.25,40.9900016784668
2023-06-16,30.43769645690918,139.85000610351562,59.849998474121094,40.95000076293945
2023-06-19,30.368284225463867,139.4499969482422,59.75,41.060001373291016
2023-06-20,30.206321716308594,138.4499969482422,59.849998474121094,41.11000061035156
2023-06-21,30.206321716308594,138.39999389648438,60.0,41.279998779296875
2023-06-26,30.02121925354004,136.1999969482422,59.5,41.380001068115234
2023-06-27,29.82455062866211,133.9499969482422,58.75,41.38999938964844
2023-06-28,29.870826721191406,134.3000030517578,59.650001525878906,41.439998626708984
2023-06-29,29.8592586517334,134.4499969482422,60.0,41.47999954223633
2023-06-30,29.870826721191406,135.25,60.0,41.5099983215332
2023-07-03,30.24102783203125,138.75,61.0,41.560001373291016
2023-07-04,30.310443878173828,139.89999389648438,61.04999923706055,41.59000015258789
2023-07-05,30.26416778564453,138.3000030517578,60.95000076293945,41.529998779296875
2023-07-06,29.59317398071289,133.35000610351562,61.0,41.720001220703125
2023-07-07,29.546894073486328,132.10000610351562,60.79999923706055,41.81999969482422
2023-07-10,29.489049911499023,131.60000610351562,60.599998474121094,41.90999984741211
2023-07-11,29.893962860107422,135.64999389648438,60.79999923706055,41.90999984741211
2023-07-12,29.951805114746094,136.39999389648438,61.0,41.790000915527344
2023-07-13,30.287302017211914,139.25,61.54999923706055,41.619998931884766
2023-07-14,30.59966278076172,142.39999389648438,61.95000076293945,41.2599983215332
2023-07-17,30.54181671142578,142.39999389648438,62.25,41.540000915527344
2023-07-18,30.48313331604004,141.3000030517578,62.70000076293945,41.65999984741211
2023-07-19,30.224897384643555,139.60000610351562,63.45000076293945,41.810001373291016
2023-07-20,30.365753173828125,140.35000610351562,63.099998474121094,41.77000045776367
2023-07-21,29.861024856567383,137.6999969482422,62.29999923706055,42.0
2023-07-24,29.872764587402344,138.14999389648438,62.400001525878906,42.20000076293945
2023-07-25,30.248374938964844,141.35000610351562,62.400001525878906,42.16999816894531
2023-07-26,30.166208267211914,140.3000030517578,62.70000076293945,42.06999969482422
2023-07-27,30.400964736938477,142.39999389648438,62.70000076293945,41.959999084472656
2023-07-28,30.400964736938477,142.5,62.650001525878906,42.22999954223633
2023-07-31,30.236635208129883,139.85000610351562,63.599998474121094,42.34000015258789
2023-08-01,30.38922691345215,141.5,64.0999984741211,42.43000030517578
2023-08-02,30.013614654541016,135.9499969482422,63.54999923706055,42.599998474121094
2023-08-04,29.872764587402344,135.75,62.900001525878906,42.75
2023-08-07,30.166208267211914,138.8000030517578,62.70000076293945,42.720001220703125
2023-08-08,29.814071655273438,135.9499969482422,62.75,42.869998931884766
2023-08-09,29.861024856567383,135.89999389648438,62.70000076293945,42.93000030517578
2023-08-10,29.673221588134766,132.64999389648438,62.0,42.849998474121094
2023-08-11,29.64974594116211,132.5500030517578,61.95000076293945,42.900001525878906
2023-08-14,29.227184295654297,128.14999389648438,61.70000076293945,43.08000183105469
2023-08-15,29.274131774902344,129.5,62.79999923706055,43.09000015258789
2023-08-16,29.12154197692871,128.85000610351562,61.849998474121094,43.040000915527344
2023-08-17,29.25065803527832,130.4499969482422,61.20000076293945,43.119998931884766
2023-08-18,29.074588775634766,128.14999389648438,60.400001525878906,43.09000015258789
2023-08-21,28.875045776367188,128.0,60.599998474121094,43.15999984741211
2023-08-22,29.109804153442383,129.10000610351562,61.29999923706055,43.16999816894531
2023-08-23,29.30934715270996,131.4499969482422,61.599998474121094,43.13999938964844
2023-08-24,29.814071655273438,134.6999969482422,62.79999923706055,42.939998626708984
2023-08-25,29.238922119140625,129.35000610351562,60.349998474121094,43.040000915527344
2023-08-28,29.42672348022461,130.39999389648438,61.099998474121094,43.02000045776367
2023-08-29,29.591053009033203,132.5,61.849998474121094,43.09000015258789
2023-08-30,29.720170974731445,133.9499969482422,63.099998474121094,43.08000183105469
2023-08-31,29.50889015197754,132.35000610351562,63.349998474121094,43.13999938964844
2023-09-01,29.55584144592285,133.0500030517578,63.400001525878906,43.099998474121094
2023-09-04,29.755386352539062,134.4499969482422,63.5,43.150001525878906
2023-09-05,29.68495750427246,134.5500030517578,63.349998474121094,43.16999816894531
2023-09-06,29.57931900024414,133.8000030517578,63.599998474121094,43.2400016784668
2023-09-07,29.30934715270996,131.4499969482422,63.0,43.27000045776367
2023-09-08,29.18023109436035,131.0500030517578,62.95000076293945,43.369998931884766
2023-09-11,29.062856674194336,128.89999389648438,63.20000076293945,43.380001068115234
2023-09-12,29.356300354003906,131.3000030517578,63.599998474121094,43.31999969482422
2023-09-13,29.391508102416992,131.6999969482422,63.0,43.34000015258789
2023-09-14,29.802335739135742,135.6999969482422,63.29999923706055,43.209999084472656
2023-09-15,29.896236419677734,136.75,63.900001525878906,43.279998779296875
2023-09-18,29.57931900024414,133.64999389648438,62.70000076293945,43.38999938964844
2023-09-19,29.4502010345459,132.1999969482422,62.70000076293945,43.36000061035156
2023-09-20,29.285871505737305,131.0,62.54999923706055,43.38999938964844
2023-09-21,28.81635856628418,126.9000015258789,61.650001525878906,43.5
2023-09-22,28.792882919311523,127.44999694824219,60.849998474121094,43.560001373291016
2023-09-25,29.00416374206543,129.4499969482422,61.099998474121094,43.63999938964844
2023-09-26,28.66376495361328,126.44999694824219,61.099998474121094,43.709999084472656
2023-09-27,28.675504684448242,126.9000015258789,60.54999923706055,43.72999954223633
2023-09-28,28.792882919311523,127.80000305175781,60.70000076293945,43.779998779296875
2023-10-02,29.168493270874023,131.0500030517578,61.54999923706055,43.779998779296875
2023-10-03,28.9924259185791,128.9499969482422,61.70000076293945,43.91999816894531
2023-10-04,28.616817474365234,126.0999984741211,60.70000076293945,44.02000045776367
2023-10-05,29.02764129638672,129.5,61.45000076293945,43.86000061035156
2023-10-06,29.13327980041504,130.35000610351562,61.150001525878906,43.83000183105469
2023-10-11,29.63800811767578,133.1999969482422,62.54999923706055,43.599998474121094
2023-10-12,29.884502410888672,135.3000030517578,63.29999923706055,43.56999969482422
2023-10-13,29.802335739135742,134.25,63.099998474121094,43.790000915527344
2023-10-16,29.63800811767578,132.3000030517578,62.54999923706055,43.91999816894531
2023-10-17,29.70843505859375,132.14999389648438,62.95000076293945,43.90999984741211
2023-10-18,29.297609329223633,129.39999389648438,62.70000076293945,43.88999938964844
2023-10-19,29.30934715270996,129.1999969482422,62.099998474121094,44.0099983215332
2023-10-20,29.438465118408203,128.6999969482422,61.150001525878906,44.0099983215332
2023-10-23,29.074588775634766,126.0,60.75,44.060001373291016
2023-10-24,29.098066329956055,127.25,60.95000076293945,43.97999954223633
2023-10-25,29.156757354736328,127.94999694824219,61.150001525878906,44.060001373291016
2023-10-26,28.58160400390625,122.75,59.400001525878906,44.22999954223633
2023-10-27,28.71072006225586,124.0999984741211,59.45000076293945,44.220001220703125
2023-10-30,28.64029312133789,124.0,59.54999923706055,44.220001220703125
2023-10-31,28.440750122070312,121.80000305175781,59.5,44.2400016784668
2023-11-01,28.58160400390625,122.9000015258789,60.099998474121094,44.279998779296875
2023-11-02,29.227184295654297,127.8499984741211,61.20000076293945,44.08000183105469
2023-11-03,29.4502010345459,129.60000610351562,61.79999923706055,44.029998779296875
2023-11-06,29.70843505859375,132.25,62.099998474121094,43.779998779296875
2023-11-07,29.696693420410156,132.3000030517578,62.54999923706055,43.959999084472656
2023-11-08,29.861024856567383,133.5,63.20000076293945,43.95000076293945
2023-11-09,29.872764587402344,133.64999389648438,63.349998474121094,44.02000045776367
2023-11-10,29.755386352539062,132.39999389648438,63.04999923706055,44.150001525878906
2023-11-13,30.213157653808594,135.39999389648438,64.1500015258789,44.209999084472656
2023-11-14,30.283588409423828,136.64999389648438,64.44999694824219,44.16999816894531
2023-11-15,30.6474609375,139.8000030517578,65.0999984741211,43.810001373291016
2023-11-16,30.659196853637695,139.9499969482422,64.8499984741211,43.810001373291016
2023-11-17,30.753101348876953,140.6999969482422,64.8499984741211,43.59000015258789
2023-11-20,30.741361618041992,140.4499969482422,64.3499984741211,43.279998779296875
2023-11-21,31.116973876953125,143.89999389648438,64.8499984741211,42.95000076293945
2023-11-22,30.835264205932617,141.85000610351562,64.44999694824219,43.09000015258789
2023-11-23,30.823528289794922,141.75,65.0,43.25
2023-11-24,30.800050735473633,141.9499969482422,65.1500015258789,43.27000045776367
2023-11-27,30.60051155090332,139.39999389648438,64.6500015258789,43.279998779296875
2023-11-28,30.811784744262695,142.85000610351562,64.5999984741211,43.09000015258789
2023-11-29,30.788312911987305,142.64999389648438,64.3499984741211,42.7400016784668
2023-11-30,30.835264205932617,143.5,64.25,42.810001373291016
2023-12-01,30.94090461730957,143.8000030517578,64.25,43.06999969482422
2023-12-04,30.823528289794922,143.6999969482422,64.19999694824219,42.9900016784668
2023-12-05,30.60051155090332,141.75,63.79999923706055,43.15999984741211
2023-12-06,30.706151962280273,143.0,64.55000305175781,43.220001220703125
2023-12-07,30.518342971801758,141.3000030517578,64.0999984741211,43.29999923706055
2023-12-08,30.76483726501465,143.0500030517578,64.44999694824219,42.9900016784668
2023-12-11,30.800050735473633,143.5500030517578,64.8499984741211,43.279998779296875
2023-12-12,30.8704776763916,144.25,65.6500015258789,43.16999816894531
2023-12-13,30.88221549987793,144.3000030517578,66.30000305175781,43.22999954223633
2023-12-14,31.25782585144043,147.6999969482422,67.25,42.90999984741211
2023-12-15,31.38694190979004,148.35000610351562,66.6500015258789,42.81999969482422
2023-12-18,31.43389320373535,147.85000610351562,67.19999694824219,42.9900016784668
2023-12-19,31.31651496887207,146.3000030517578,67.55000305175781,43.04999923706055
2023-12-20,31.398681640625,148.14999389648438,67.9000015258789,42.97999954223633
2023-12-21,31.128711700439453,145.6999969482422,67.05000305175781,42.9900016784668
2023-12-22,31.210874557495117,146.1999969482422,67.19999694824219,42.84000015258789
2023-12-25,31.339988708496094,147.14999389648438,67.4000015258789,42.689998626708984
2023-12-26,31.516056060791016,149.10000610351562,67.1500015258789,42.59000015258789
2023-12-27,31.868194580078125,151.39999389648438,67.1500015258789,42.459999084472656
2023-12-28,31.868194580078125,151.14999389648438,66.80000305175781,42.11000061035156
2023-12-29,31.797767639160156,151.1999969482422,66.80000305175781,42.33000183105469
2024-01-02,31.668649673461914,149.9499969482422,66.5999984741211,42.369998931884766
2024-01-03,31.116973876953125,145.89999389648438,65.9000015258789,42.65999984741211
2024-01-04,31.105236053466797,145.6999969482422,65.3499984741211,42.709999084472656
2024-01-05,31.0230655670166,145.14999389648438,64.94999694824219,42.70000076293945
2024-01-08,31.163923263549805,146.35000610351562,65.0,42.63999938964844
2024-01-09,31.222614288330078,146.1999969482422,66.4000015258789,42.66999816894531
2024-01-10,31.05828285217285,144.4499969482422,66.75,42.779998779296875
2024-01-11,31.187402725219727,146.3000030517578,67.30000305175781,42.83000183105469
2024-01-12,31.140445709228516,145.25,67.30000305175781,42.849998474121094
2024-01-15,31.140445709228516,146.35000610351562,67.30000305175781,43.09000015258789
2024-01-16,30.90569305419922,143.0,67.75,43.2599983215332
2024-01-17,30.617414474487305,140.60000610351562,68.05000305175781,43.439998626708984
2024-01-18,30.821611404418945,141.14999389648438,67.8499984741211,43.5
2024-01-19,31.926673889160156,148.0500030517578,68.9000015258789,43.31999969482422
2024-01-22,32.142879486083984,150.1999969482422,70.19999694824219,43.15999984741211
2024-01-23,32.20294189453125,151.1999969482422,69.9000015258789,43.16999816894531
2024-01-24,32.19092559814453,151.39999389648438,70.44999694824219,43.25
2024-01-25,32.58730697631836,153.5,70.44999694824219,43.18000030517578
2024-01-26,32.58730697631836,153.10000610351562,69.94999694824219,43.15999984741211
2024-01-29,32.79150390625,155.6999969482422,70.0,43.18000030517578
2024-01-30,32.707420349121094,155.14999389648438,70.55000305175781,43.029998779296875
2024-01-31,32.27500915527344,152.0,69.80000305175781,43.209999084472656
2024-02-01,32.27500915527344,152.64999389648438,69.44999694824219,43.349998474121094
2024-02-02,32.45518493652344,154.89999389648438,70.3499984741211,43.06999969482422
2024-02-05,32.65937042236328,155.0500030517578,71.19999694824219,43.33000183105469
2024-02-15,34.19685363769531,165.1999969482422,71.9000015258789,43.45000076293945
2024-02-16,33.944610595703125,164.8000030517578,72.1500015258789,43.400001525878906
2024-02-19,33.896568298339844,165.0,71.5999984741211,43.40999984741211
2024-02-20,34.0286865234375,166.14999389648438,71.44999694824219,43.52000045776367
2024-02-21,33.920589447021484,165.1999969482422,70.94999694824219,43.54999923706055
2024-02-22,34.30495834350586,168.89999389648438,71.94999694824219,43.650001525878906
2024-02-23,34.53317642211914,169.4499969482422,73.0,43.66999816894531
2024-02-26,34.58122253417969,170.5,72.80000305175781,43.709999084472656
2024-02-27,34.43708801269531,168.85000610351562,72.8499984741211,43.7400016784668
2024-02-29,34.425071716308594,170.14999389648438,72.75,43.86000061035156
2024-03-01,34.30495834350586,169.85000610351562,73.55000305175781,43.779998779296875
2024-03-04,35.301910400390625,176.35000610351562,74.44999694824219,43.720001220703125
2024-03-05,35.59019088745117,178.10000610351562,73.5999984741211,43.75
2024-03-06,35.758358001708984,180.10000610351562,73.0,43.790000915527344
2024-03-07,36.5871467590332,184.1999969482422,72.9000015258789,43.720001220703125
2024-03-08,37.10364532470703,186.10000610351562,73.9000015258789,43.599998474121094
2024-03-11,36.731285095214844,184.8000030517578,72.80000305175781,43.61000061035156
2024-03-12,37.115657806396484,188.8000030517578,72.94999694824219,43.619998931884766
2024-03-13,37.295833587646484,188.64999389648438,73.69999694824219,43.63999938964844
2024-03-14,37.25979995727539,188.39999389648438,73.4000015258789,43.72999954223633
2024-03-15,36.755313873291016,185.35000610351562,73.19999694824219,43.88999938964844
2024-03-18,37.09163284301758,188.10000610351562,72.9000015258789,43.900001525878906
2024-03-19,37.0075569152832,187.5500030517578,73.30000305175781,44.099998474121094
2024-03-20,36.8033561706543,186.0500030517578,73.8499984741211,44.22999954223633
2024-03-21,37.81232452392578,194.10000610351562,75.19999694824219,44.16999816894531
2024-03-22,37.764278411865234,193.60000610351562,75.44999694824219,44.43000030517578
2024-03-25,37.83634948730469,194.14999389648438,75.05000305175781,44.220001220703125
2024-03-26,37.86037063598633,193.0,75.19999694824219,44.369998931884766
2024-03-27,37.87238311767578,194.35000610351562,75.19999694824219,44.47999954223633
2024-03-28,37.69220733642578,193.4499969482422,75.3499984741211,44.43000030517578
2024-03-29,37.90842056274414,194.64999389648438,74.75,44.5
2024-04-01,37.81232452392578,194.5500030517578,75.4000015258789,44.459999084472656
2024-04-02,38.35284423828125,199.1999969482422,75.25,44.630001068115234
2024-04-03,38.088592529296875,196.5500030517578,74.5,44.56999969482422
2024-04-08,38.30479431152344,198.3000030517578,74.75,44.66999816894531
2024-04-09,39.21767807006836,206.3000030517578,74.5999984741211,44.689998626708984
2024-04-10,39.15761947631836,205.64999389648438,74.80000305175781,44.540000915527344
2024-04-11,39.03750228881836,203.8000030517578,74.55000305175781,44.84000015258789
2024-04-12,38.941410064697266,204.0500030517578,75.94999694824219,44.91999816894531
2024-04-15,38.436927795410156,199.14999389648438,75.0,45.060001373291016
2024-04-16,37.39192199707031,187.5,73.94999694824219,45.31999969482422
2024-04-17,37.81232452392578,192.10000610351562,74.0,45.279998779296875
2024-04-18,38.18468475341797,194.35000610351562,73.0,45.060001373291016
2024-04-19,36.250823974609375,179.0,71.9000015258789,45.40999984741211
2024-04-22,36.14271926879883,178.4499969482422,71.75,45.43000030517578
2024-04-23,36.491058349609375,181.6999969482422,72.05000305175781,45.47999954223633
2024-04-24,37.56008529663086,190.9499969482422,73.5,45.31999969482422
2024-04-25,36.87542724609375,185.0,72.44999694824219,45.41999816894531
2024-04-26,37.47600173950195,190.60000610351562,73.8499984741211,45.41999816894531
2024-04-29,38.148651123046875,197.5,74.44999694824219,45.41999816894531
2024-04-30,38.01652145385742,196.35000610351562,74.25,45.36000061035156
2024-05-02,37.51203918457031,193.10000610351562,72.94999694824219,45.38999938964844
2024-05-03,37.7042236328125,194.0,73.5999984741211,45.13999938964844
2024-05-06,38.24474334716797,198.85000610351562,74.4000015258789,45.099998474121094
2024-05-07,38.46095275878906,200.0500030517578,75.25,45.22999954223633
2024-05-08,38.60508728027344,201.1999969482422,75.25,45.25
2024-05-09,38.557037353515625,199.5500030517578,75.30000305175781,45.279998779296875
2024-05-10,38.83330535888672,202.64999389648438,75.44999694824219,45.36000061035156
2024-05-13,39.22968673706055,204.3000030517578,76.0,45.36000061035156
2024-05-14,39.49394607543945,207.0500030517578,75.5999984741211,45.310001373291016
2024-05-15,40.03445816040039,211.39999389648438,76.0,45.04999923706055
2024-05-16,40.22664260864258,214.14999389648438,76.9000015258789,44.81999969482422
2024-05-17,40.17859649658203,213.35000610351562,77.0,45.060001373291016
2024-05-20,40.16658401489258,213.25,77.0999984741211,45.130001068115234
2024-05-21,40.1185417175293,212.4499969482422,77.5999984741211,45.20000076293945
2024-05-22,40.8392333984375,218.6999969482422,77.80000305175781,45.18000030517578
2024-05-23,41.15153503417969,219.5500030517578,78.30000305175781,45.06999969482422
2024-05-24,40.983375549316406,218.9499969482422,77.3499984741211,45.099998474121094
2024-05-27,41.547916412353516,224.5500030517578,77.8499984741211,45.029998779296875
2024-05-28,41.607975006103516,226.5,78.1500015258789,44.91999816894531
2024-05-29,41.043434143066406,221.9499969482422,78.19999694824219,45.18000030517578
2024-05-30,40.33475112915039,214.3000030517578,77.6500015258789,45.34000015258789
2024-05-31,39.87831115722656,212.10000610351562,77.25,45.439998626708984
2024-06-03,40.73112869262695,219.5500030517578,77.5,45.29999923706055
2024-06-04,40.0825080871582,213.39999389648438,77.55000305175781,45.369998931884766
2024-06-05,40.46687698364258,215.5,77.80000305175781,45.349998474121094
2024-06-06,41.848201751708984,224.4499969482422,79.05000305175781,45.15999984741211
2024-06-07,41.523895263671875,223.6999969482422,79.05000305175781,45.220001220703125
2024-06-11,41.631996154785156,223.0500030517578,79.3499984741211,45.439998626708984
2024-06-12,42.376708984375,228.10000610351562,80.19999694824219,45.40999984741211
2024-06-13,42.98929977416992,234.1999969482422,81.4000015258789,45.310001373291016
2024-06-14,43.24154281616211,237.10000610351562,81.75,45.400001525878906
2024-06-17,43.24154281616211,237.10000610351562,82.0,45.38999938964844
2024-06-18,43.96223449707031,244.14999389648438,83.1500015258789,45.470001220703125
2024-06-19,45.1513786315918,253.9499969482422,83.25,45.439998626708984
2024-06-20,45.58379364013672,259.1499938964844,83.5999984741211,45.40999984741211
2024-06-21,45.30752944946289,256.04998779296875,82.1500015258789,45.41999816894531
2024-06-24,44.20246124267578,245.0,81.75,45.5
2024-06-25,44.17844009399414,245.4499969482422,81.30000305175781,45.58000183105469
2024-06-26,44.52677917480469,248.3000030517578,82.44999694824219,45.65999984741211
2024-06-27,44.514766693115234,246.75,82.30000305175781,45.75
2024-06-28,44.7910270690918,250.8000030517578,82.94999694824219,45.68000030517578
2024-07-01,44.82706832885742,250.8000030517578,82.69999694824219,45.689998626708984
2024-07-02,44.52677917480469,247.10000610351562,83.0,45.83000183105469
2024-07-03,45.067298889160156,253.89999389648438,84.44999694824219,45.900001525878906
2024-07-04,46.24442672729492,264.70001220703125,84.6500015258789,45.779998779296875
2024-07-05,46.076263427734375,263.20001220703125,84.4000015258789,45.68000030517578
2024-07-08,47.5296630859375,271.70001220703125,85.05000305175781,45.59000015258789
2024-07-09,47.48161697387695,270.8500061035156,86.0,45.77000045776367
2024-07-10,47.6497802734375,273.0,86.05000305175781,45.900001525878906
2024-07-11,48.70679473876953,281.8999938964844,86.69999694824219,45.7400016784668
2024-07-12,47.16931915283203,269.5,84.5,45.7400016784668
2024-07-15,47.253395080566406,269.5,85.80000305175781,45.900001525878906
2024-07-16,47.53107452392578,272.0,85.94999694824219,45.93000030517578
2024-07-17,46.867061614990234,268.29998779296875,85.1500015258789,45.939998626708984
2024-07-18,46.02195739746094,259.1499938964844,83.0999984741211,45.900001525878906
2024-07-19,44.971614837646484,248.25,83.25,46.18000030517578
2024-07-22,43.63151931762695,236.75,82.80000305175781,46.36000061035156
2024-07-23,44.98368453979492,247.39999389648438,83.44999694824219,46.349998474121094
2024-07-26,43.221038818359375,231.64999389648438,80.19999694824219,46.31999969482422
2024-07-29,43.60737991333008,233.5,81.1500015258789,46.400001525878906
2024-07-30,43.60737991333008,234.10000610351562,80.5999984741211,46.400001525878906
2024-07-31,43.66773986816406,233.9499969482422,80.19999694824219,46.41999816894531
2024-08-01,44.4283332824707,242.0,82.3499984741211,46.22999954223633
2024-08-02,42.182769775390625,219.0,78.80000305175781,46.40999984741211
2024-08-05,38.331512451171875,176.89999389648438,74.5999984741211,46.209999084472656
2024-08-06,40.444271087646484,194.0,76.55000305175781,46.150001525878906
2024-08-07,42.04996871948242,209.3000030517578,77.05000305175781,46.20000076293945
2024-08-08,41.180721282958984,200.35000610351562,75.0999984741211,46.029998779296875
2024-08-09,42.46044921875,211.6999969482422,76.75,45.7599983215332
2024-08-12,42.99165725708008,217.0,77.5,45.75
2024-08-13,43.100311279296875,218.39999389648438,77.5999984741211,45.79999923706055
2024-08-14,43.64359664916992,223.14999389648438,79.05000305175781,45.630001068115234
2024-08-15,43.3055534362793,221.1999969482422,79.44999694824219,45.61000061035156
2024-08-16,44.2834587097168,230.89999389648438,81.30000305175781,45.68000030517578
2024-08-19,44.34382247924805,230.8000030517578,80.3499984741211,45.31999969482422
2024-08-20,44.36796951293945,231.5,81.30000305175781,45.11000061035156
2024-08-21,43.897125244140625,228.4499969482422,81.19999694824219,45.150001525878906
2024-08-22,43.66773986816406,225.5,81.5,45.13999938964844
2024-08-23,43.6918830871582,226.64999389648438,80.8499984741211,45.279998779296875
2024-08-26,43.76432418823242,227.5,80.9000015258789,45.029998779296875
2024-08-27,43.5711555480957,227.3000030517578,80.25,45.099998474121094
2024-08-28,44.18687438964844,231.6999969482422,80.5999984741211,45.209999084472656
2024-08-29,43.583229064941406,227.4499969482422,79.05000305175781,45.2599983215332
2024-08-30,43.78847122192383,229.89999389648438,79.94999694824219,45.290000915527344
2024-09-02,43.66773986816406,228.0,80.6500015258789,45.380001068115234
2024-09-03,43.474571228027344,225.25,80.6500015258789,45.470001220703125
2024-09-04,41.34973907470703,203.5500030517578,77.94999694824219,45.5099983215332
2024-09-05,41.603267669677734,205.64999389648438,78.05000305175781,45.5
2024-09-06,42.19484329223633,210.64999389648438,77.55000305175781,45.25
2024-09-09,41.54290771484375,205.0500030517578,76.55000305175781,45.529998779296875
2024-09-10,41.6153450012207,204.14999389648438,77.0999984741211,45.650001525878906
2024-09-11,41.49461364746094,202.6999969482422,77.19999694824219,45.63999938964844
2024-09-12,43.05202102661133,216.75,79.8499984741211,45.5
2024-09-13,43.07616424560547,218.6999969482422,80.0999984741211,45.5
2024-09-16,43.16067886352539,219.60000610351562,80.0,45.290000915527344
2024-09-18,42.94336700439453,216.0500030517578,79.94999694824219,45.31999969482422
2024-09-19,43.49871826171875,223.35000610351562,80.80000305175781,45.43000030517578
2024-09-20,44.05406951904297,226.0500030517578,81.25,45.400001525878906
2024-09-23,44.24723815917969,229.1999969482422,81.94999694824219,45.56999969482422
2024-09-24,44.66979217529297,232.25,81.8499984741211,45.5099983215332
2024-09-25,45.333805084228516,239.1999969482422,81.69999694824219,45.40999984741211
2024-09-26,45.70806121826172,241.8000030517578,82.75,45.38999938964844
2024-09-27,45.61147689819336,241.5,82.1500015258789,45.09000015258789
2024-09-30,44.416259765625,228.9499969482422,81.30000305175781,45.040000915527344
2024-10-01,44.33175277709961,230.0,82.30000305175781,45.439998626708984
2024-10-04,44.33175277709961,228.10000610351562,81.9000015258789,45.63999938964844
2024-10-07,45.430381774902344,238.1999969482422,82.94999694824219,45.790000915527344
2024-10-08,45.21307373046875,233.89999389648438,82.0999984741211,45.81999969482422
2024-10-09,45.635623931884766,236.0,83.05000305175781,45.81999969482422
2024-10-11,46.39621353149414,241.5500030517578,83.8499984741211,45.93000030517578
2024-10-14,46.43243408203125,243.0500030517578,83.94999694824219,45.900001525878906
2024-10-15,47.42241668701172,249.39999389648438,84.80000305175781,45.77000045776367
2024-10-16,46.60145950317383,243.5,83.75,45.84000015258789
2024-10-17,46.67389678955078,245.10000610351562,83.5,45.81999969482422
2024-10-18,47.83289337158203,253.89999389648438,83.75,45.86000061035156
2024-10-21,47.820823669433594,254.1999969482422,83.55000305175781,45.529998779296875
2024-10-22,47.63972854614258,253.5,83.9000015258789,45.790000915527344
2024-10-23,47.32583236694336,249.6999969482422,84.0999984741211,45.599998474121094
2024-10-24,47.03608322143555,246.89999389648438,83.25,45.599998474121094
2024-10-25,47.42241668701172,250.5,83.5999984741211,45.7599983215332
2024-10-28,47.33790969848633,248.35000610351562,84.5999984741211,45.72999954223633
2024-10-29,46.2392692565918,240.0,84.05000305175781,45.77000045776367
2024-10-30,46.31170654296875,239.0500030517578,84.80000305175781,45.7599983215332
2024-11-01,45.9978141784668,236.64999389648438,82.19999694824219,45.63999938964844
2024-11-04,46.589385986328125,241.9499969482422,82.4000015258789,45.439998626708984
2024-11-05,46.75840377807617,243.0,82.30000305175781,45.63999938964844
2024-11-06,47.13266372680664,246.75,84.44999694824219,45.849998474121094
2024-11-07,47.67594528198242,251.64999389648438,86.55000305175781,46.029998779296875
2024-11-08,48.05020523071289,254.14999389648438,87.19999694824219,45.84000015258789
2024-11-11,48.0743522644043,253.64999389648438,88.1500015258789,46.15999984741211
2024-11-12,46.842918395996094,239.6999969482422,87.94999694824219,46.34000015258789
2024-11-13,46.54108810424805,238.5,87.80000305175781,46.36000061035156
2024-11-14,46.1185417175293,234.10000610351562,87.94999694824219,46.61000061035156
2024-11-15,46.44451141357422,238.0,87.0,46.599998474121094
2024-11-18,45.792572021484375,232.10000610351562,86.05000305175781,46.56999969482422
2024-11-19,46.42036056518555,238.39999389648438,86.0,46.45000076293945
2024-11-20,46.227195739746094,236.1999969482422,86.69999694824219,46.45000076293945
2024-11-21,45.72013473510742,232.5,86.44999694824219,46.58000183105469
2024-11-22,46.61353302001953,240.39999389648438,86.80000305175781,46.5
2024-11-25,46.44451141357422,241.0,87.30000305175781,46.45000076293945
2024-11-26,45.84086608886719,233.64999389648438,87.0,46.369998931884766
2024-11-27,45.17685317993164,226.89999389648438,87.3499984741211,46.40999984741211
2024-11-28,45.10441589355469,225.5500030517578,86.94999694824219,46.59000015258789
2024-11-29,45.21307373046875,227.25,87.30000305175781,46.54999923706055
2024-12-02,46.28756332397461,235.5500030517578,87.80000305175781,46.619998931884766
2024-12-03,46.91535568237305,241.14999389648438,89.1500015258789,46.72999954223633
2024-12-04,47.19302749633789,245.0,88.94999694824219,46.5099983215332
2024-12-05,47.446563720703125,245.35000610351562,89.75,46.45000076293945
2024-12-06,47.265464782714844,244.35000610351562,89.44999694824219,46.439998626708984
2024-12-09,47.32583236694336,244.1999969482422,90.44999694824219,46.619998931884766
2024-12-10,46.98779296875,241.4499969482422,89.55000305175781,46.599998474121094
2024-12-11,46.57731246948242,237.25,89.55000305175781,46.630001068115234
2024-12-12,47.12059020996094,241.39999389648438,90.94999694824219,46.619998931884766
2024-12-13,47.15681076049805,240.35000610351562,90.80000305175781,46.66999816894531
2024-12-16,47.349979400634766,239.0,91.25,46.689998626708984
2024-12-17,47.59143829345703,241.75,92.5,46.58000183105469
2024-12-18,47.59143829345703,241.75,92.1500015258789,46.650001525878906
2024-12-19,46.93949890136719,236.1999969482422,89.30000305175781,46.880001068115234
2024-12-20,46.5048713684082,231.75,88.30000305175781,47.06999969482422
2024-12-23,47.627655029296875,242.89999389648438,90.19999694824219,47.06999969482422
2024-12-24,47.760459899902344,243.0500030517578,90.5,47.099998474121094
2024-12-25,47.90532684326172,245.39999389648438,92.05000305175781,46.9900016784668
2024-12-26,47.869110107421875,244.8000030517578,92.05000305175781,47.02000045776367
2024-12-27,48.026058197021484,246.0500030517578,91.4000015258789,47.18000030517578
2024-12-30,47.760459899902344,242.1999969482422,90.4000015258789,47.13999938964844
2024-12-31,47.265464782714844,240.35000610351562,89.4000015258789,47.27000045776367
2025-01-02,46.8549919128418,234.4499969482422,88.80000305175781,47.369998931884766
2025-01-03,47.32583236694336,238.10000610351562,89.0,47.470001220703125
2025-01-06,48.81079864501953,251.14999389648438,90.5,47.36000061035156
2025-01-07,49.35408020019531,254.0500030517578,90.80000305175781,47.02000045776367
2025-01-08,48.617637634277344,248.39999389648438,89.9000015258789,47.25
2025-01-09,48.06228256225586,241.5,89.55000305175781,47.45000076293945
2025-01-10,48.05020523071289,240.3000030517578,89.5999984741211,47.369998931884766
2025-01-13,46.93949890136719,229.0,88.25,47.630001068115234
2025-01-14,47.229248046875,232.5500030517578,88.9000015258789,47.529998779296875
2025-01-15,46.867061614990234,228.60000610351562,88.4000015258789,47.56999969482422
2025-01-16,47.820823669433594,237.85000610351562,90.0,47.540000915527344
2025-01-17,48.05337905883789,239.35000610351562,89.44999694824219,47.529998779296875
2025-01-20,48.54296875,244.14999389648438,90.3499984741211,47.290000915527344
2025-01-21,48.64088821411133,244.64999389648438,90.3499984741211,47.22999954223633
2025-01-22,49.2773551940918,250.89999389648438,91.69999694824219,47.15999984741211
2025-02-03,47.17211151123047,229.5,89.30000305175781,47.959999084472656
2025-02-04,47.45362854003906,230.64999389648438,90.19999694824219,47.7400016784668
2025-02-05,48.175777435302734,239.64999389648438,90.80000305175781,47.63999938964844
2025-02-06,48.38385009765625,240.89999389648438,91.75,47.58000183105469
2025-02-07,48.60416793823242,244.89999389648438,91.55000305175781,47.529998779296875
2025-02-10,48.05337905883789,240.8000030517578,91.25,47.630001068115234
2025-02-11,48.347129821777344,242.75,91.19999694824219,47.58000183105469
2025-02-12,48.2736930847168,242.1999969482422,91.25,47.41999816894531
2025-02-13,48.065616607666016,243.9499969482422,92.0,47.5
2025-02-14,47.49034881591797,239.0,93.05000305175781,47.4900016784668
2025-02-17,48.212493896484375,246.35000610351562,93.44999694824219,47.400001525878906
2025-02-18,48.38385009765625,248.5500030517578,93.6500015258789,47.56999969482422
2025-02-19,48.29817581176758,247.5,93.55000305175781,47.4900016784668
2025-02-20,48.11457824707031,245.89999389648438,93.0,47.540000915527344
2025-02-21,48.45729064941406,250.4499969482422,92.9000015258789,47.59000015258789
2025-02-24,48.02889633178711,246.9499969482422,91.44999694824219,47.4900016784668
2025-02-25,47.404666900634766,241.0,90.0999984741211,47.59000015258789
2025-02-26,47.66170120239258,243.14999389648438,89.44999694824219,47.529998779296875
2025-02-27,47.12315368652344,238.4499969482422,89.4000015258789,47.63999938964844
2025-03-03,46.0338134765625,229.4499969482422,88.55000305175781,47.599998474121094
2025-03-04,45.727821350097656,226.9499969482422,87.05000305175781,47.689998626708984
2025-03-05,46.32756805419922,232.60000610351562,86.5999984741211,47.70000076293945
2025-03-06,46.04605484008789,229.64999389648438,87.19999694824219,47.689998626708984
2025-03-07,45.61766052246094,225.39999389648438,85.1500015258789,47.779998779296875
2025-03-10,45.348388671875,223.75,85.0,47.779998779296875
2025-03-11,44.552799224853516,215.5,82.4000015258789,47.7400016784668
2025-03-12,44.748634338378906,217.85000610351562,82.4000015258789,47.709999084472656
2025-03-13,44.33248519897461,213.9499969482422,82.5,47.709999084472656
2025-03-14,44.185604095458984,213.8000030517578,82.3499984741211,47.810001373291016
2025-03-17,44.565040588378906,217.3000030517578,83.0999984741211,47.81999969482422
2025-03-18,44.748634338378906,219.0500030517578,83.6500015258789,47.779998779296875
2025-03-19,44.19784927368164,214.89999389648438,82.9000015258789,47.900001525878906
2025-03-20,45.15254592895508,222.1999969482422,84.3499984741211,48.0099983215332
2025-03-21,44.78535461425781,218.1999969482422,83.5,48.099998474121094
2025-03-24,44.73639678955078,216.85000610351562,84.5999984741211,48.15999984741211
2025-03-25,45.201507568359375,220.25,85.5999984741211,48.16999816894531
2025-03-26,45.164791107177734,220.6999969482422,86.3499984741211,48.189998626708984
2025-03-27,44.30800247192383,213.3000030517578,84.80000305175781,48.22999954223633
2025-03-28,43.86737060546875,206.10000610351562,84.4000015258789,48.29999923706055
2025-03-31,42.2884407043457,191.0,81.44999694824219,48.380001068115234
2025-04-01,43.157466888427734,199.0500030517578,82.25,48.47999954223633
2025-04-02,43.08402633666992,200.3000030517578,82.8499984741211,48.470001220703125
2025-04-07,38.7756233215332,160.25,71.0,48.189998626708984
2025-04-08,37.514923095703125,142.3000030517578,74.55000305175781,47.95000076293945
2025-04-09,35.78911590576172,126.44999694824219,71.19999694824219,47.939998626708984
2025-04-10,39.36313247680664,151.6999969482422,79.94999694824219,47.86000061035156
2025-04-11,40.2811164855957,160.10000610351562,77.6500015258789,47.529998779296875
2025-04-14,40.07304000854492,159.75,79.0999984741211,47.16999816894531
2025-04-15,40.47695541381836,165.0,78.30000305175781,47.31999969482422
2025-04-16,39.74256896972656,158.10000610351562,76.9000015258789,47.400001525878906
2025-04-17,39.30193328857422,157.3000030517578,77.0,47.27000045776367
2025-04-18,39.387611389160156,157.89999389648438,77.0999984741211,47.439998626708984
2025-04-21,38.8245849609375,152.64999389648438,75.6500015258789,47.36000061035156
2025-04-22,38.175872802734375,148.6999969482422,74.6500015258789,47.29999923706055
2025-04-23,39.86496353149414,161.10000610351562,77.6500015258789,47.29999923706055
2025-04-24,39.632408142089844,158.60000610351562,77.94999694824219,47.47999954223633
2025-04-25,40.57487106323242,165.60000610351562,80.55000305175781,47.59000015258789
2025-04-28,40.91758346557617,167.85000610351562,80.6500015258789,48.0
2025-04-29,41.07670211791992,170.9499969482422,80.6500015258789,47.290000915527344
2025-04-30,41.27253723144531,170.3000030517578,79.69999694824219,46.84000015258789
2025-05-02,42.47203826904297,179.85000610351562,80.0,46.0
2025-05-05,42.09260559082031,175.14999389648438,75.9000015258789,44.0
2025-05-06,41.86004638671875,174.75,76.8499984741211,44.09000015258789
2025-05-07,41.700931549072266,174.25,77.44999694824219,44.36000061035156
2025-05-08,42.25172424316406,178.35000610351562,78.30000305175781,44.369998931884766
2025-05-09,42.77803039550781,182.4499969482422,78.0999984741211,44.34000015258789
2025-05-12,43.2553825378418,186.39999389648438,79.6500015258789,44.369998931884766
2025-05-13,43.78169631958008,190.75,81.19999694824219,44.630001068115234
2025-05-14,44.77311325073242,198.6999969482422,82.69999694824219,44.40999984741211
2025-05-15,44.67519760131836,197.5500030517578,82.55000305175781,44.18000030517578
2025-05-16,44.7975959777832,200.14999389648438,82.6500015258789,44.20000076293945
2025-05-19,44.17336654663086,194.10000610351562,82.05000305175781,44.29999923706055
2025-05-20,44.25904846191406,194.60000610351562,83.05000305175781,44.2400016784668
2025-05-21,44.94447708129883,199.5,82.6500015258789,44.16999816894531
2025-05-22,44.45488357543945,195.39999389648438,81.4000015258789,43.9900016784668
2025-05-23,44.27128601074219,194.75,81.3499984741211,43.970001220703125
2025-05-26,44.22232437133789,193.60000610351562,81.30000305175781,43.86000061035156
2025-05-27,43.83065414428711,190.10000610351562,81.0999984741211,43.7400016784668
2025-05-28,43.904090881347656,190.85000610351562,82.1500015258789,43.849998474121094
2025-05-29,44.002010345458984,191.9499969482422,83.69999694824219,43.91999816894531
2025-06-02,43.05954360961914,183.6999969482422,81.69999694824219,44.0099983215332
2025-06-03,43.36553955078125,186.14999389648438,82.5,43.9900016784668
2025-06-04,44.38144302368164,195.6999969482422,83.5,44.02000045776367
2025-06-05,44.46711730957031,196.0,83.4000015258789,43.880001068115234
2025-06-06,44.54056167602539,196.6999969482422,83.19999694824219,43.86000061035156
2025-06-09,44.96894836425781,199.10000610351562,83.5999984741211,43.97999954223633
2025-06-10,46.180686950683594,206.8000030517578,83.8499984741211,43.939998626708984
2025-06-11,46.180686950683594,210.60000610351562,84.05000305175781,43.90999984741211
2025-06-12,46.180686950683594,209.0,83.25,43.619998931884766
2025-06-13,46.180686950683594,204.14999389648438,82.0,43.5099983215332
2025-06-16,46.180686950683594,205.25,82.4000015258789,43.439998626708984
2025-06-17,46.180686950683594,206.5,82.8499984741211,43.349998474121094
2025-06-18,46.579708099365234,209.5,82.6500015258789,43.369998931884766
2025-06-19,46.11948776245117,205.10000610351562,82.19999694824219,43.43000030517578
2025-06-20,46.05094909667969,203.89999389648438,82.1500015258789,43.47999954223633
2025-06-23,45.6690673828125,200.5,82.3499984741211,43.65999984741211
2025-06-24,46.501373291015625,209.3000030517578,83.55000305175781,43.459999084472656
2025-06-25,47.17700958251953,213.75,83.94999694824219,43.290000915527344
2025-06-26,47.23575973510742,212.6999969482422,83.3499984741211,42.9900016784668
2025-06-27,47.28472137451172,212.1999969482422,83.5,44.0
2025-06-30,47.3532600402832,213.5,84.80000305175781,43.0
2025-07-01,47.62743377685547,217.5500030517578,84.69999694824219,43.0099983215332
2025-07-02,47.63722610473633,217.89999389648438,84.1500015258789,42.880001068115234
2025-07-03,48.293277740478516,223.9499969482422,84.0999984741211,42.599998474121094
2025-07-04,47.84285354614258,219.1999969482422,84.5,42.63999938964844
2025-07-07,47.55888748168945,216.35000610351562,84.75,42.72999954223633
2025-07-08,47.343467712402344,214.85000610351562,84.80000305175781,42.779998779296875
2025-07-09,47.83306121826172,218.89999389648438,84.8499984741211,42.849998474121094
2025-07-10,48.38140106201172,221.64999389648438,85.75,43.02000045776367
2025-07-11,48.58702850341797,224.8000030517578,85.69999694824219,43.060001373291016
2025-07-14,48.303070068359375,220.75,85.3499984741211,43.06999969482422
2025-07-15,48.95912170410156,226.6999969482422,86.5999984741211,43.220001220703125
2025-07-16,49.350791931152344,230.64999389648438,86.30000305175781,43.25
2025-07-17,49.64455032348633,234.25,86.6500015258789,43.349998474121094
2025-07-18,50.37893295288086,238.85000610351562,87.5,43.34000015258789
2025-07-21,50.19158172607422,237.39999389648438,87.5999984741211,43.400001525878906
2025-07-22,49.84645080566406,232.9499969482422,87.4000015258789,43.349998474121094
2025-07-23,49.99436569213867,236.85000610351562,87.0999984741211,43.2400016784668
2025-07-24,50.29018783569336,239.64999389648438,87.44999694824219,43.209999084472656
2025-07-25,50.19158172607422,238.1999969482422,87.94999694824219,43.36000061035156
2025-07-28,50.33949279785156,240.60000610351562,88.8499984741211,43.5
2025-07-29,49.74784469604492,235.60000610351562,89.3499984741211,43.81999969482422
2025-07-30,50.29018783569336,240.10000610351562,89.1500015258789,43.849998474121094
2025-07-31,50.83253479003906,245.1999969482422,91.0,44.189998626708984
2025-08-01,50.3887939453125,240.89999389648438,89.25,44.349998474121094
2025-08-04,50.09297180175781,238.85000610351562,87.75,44.2400016784668
2025-08-05,50.733924865722656,244.64999389648438,89.4000015258789,44.2599983215332
2025-08-06,50.29018783569336,241.10000610351562,88.9000015258789,44.279998779296875
2025-08-07,51.720008850097656,253.1999969482422,89.5,44.130001068115234
2025-08-08,51.720008850097656,252.6999969482422,90.0,44.150001525878906
2025-08-11,52.11444091796875,256.75,90.9000015258789,44.209999084472656
2025-08-12,52.16374588012695,257.29998779296875,90.55000305175781,44.29999923706055
2025-08-13,52.607479095458984,260.25,91.69999694824219,44.380001068115234
2025-08-14,52.4102668762207,259.29998779296875,91.55000305175781,44.29999923706055
2025-08-15,52.4102668762207,259.95001220703125,91.8499984741211,44.45000076293945
2025-08-18,52.55817794799805,262.8500061035156,91.6500015258789,44.40999984741211
2025-08-19,52.459571838378906,260.29998779296875,91.44999694824219,44.470001220703125
2025-08-20,50.980445861816406,246.64999389648438,90.55000305175781,44.72999954223633
2025-08-21,51.27627182006836,251.10000610351562,91.0999984741211,45.06999969482422
2025-08-22,51.02975082397461,248.89999389648438,90.94999694824219,45.25
2025-08-25,51.966529846191406,259.1000061035156,91.9000015258789,45.040000915527344
2025-08-26,52.015830993652344,258.95001220703125,91.69999694824219,45.099998474121094
2025-08-27,52.262351989746094,263.8999938964844,92.44999694824219,45.25
2025-08-28,51.76931381225586,259.3999938964844,92.19999694824219,45.209999084472656
2025-08-29,51.76931381225586,259.3500061035156,92.80000305175781,45.2599983215332
2025-09-01,51.27627182006836,252.8000030517578,91.8499984741211,45.38999938964844
2025-09-02,51.27627182006836,252.8000030517578,91.9000015258789,45.43000030517578
2025-09-03,51.226966857910156,253.35000610351562,91.8499984741211,45.54999923706055
2025-09-04,51.57209396362305,256.45001220703125,92.30000305175781,45.47999954223633
2025-09-05,52.11444091796875,262.04998779296875,93.19999694824219,45.369998931884766
2025-09-08,52.607479095458984,265.6499938964844,92.8499984741211,45.25
2025-09-09,53.14982986450195,270.5,92.6500015258789,45.06999969482422
2025-09-10,54.18521499633789,279.6000061035156,92.69999694824219,44.900001525878906
2025-09-11,54.67825698852539,279.75,92.94999694824219,45.02000045776367
2025-09-12,55.22060012817383,284.79998779296875,93.0999984741211,44.81999969482422
2025-09-15,55.22060012817383,282.75,93.8499984741211,44.93000030517578
2025-09-16,55.96016311645508,288.8500061035156,94.30000305175781,44.65999984741211
2025-09-17,55.56572723388672,285.1000061035156,93.5999984741211,44.560001373291016
2025-09-18,56.157379150390625,290.75,94.5,44.68000030517578
2025-09-19,56.20668029785156,290.8500061035156,95.05000305175781,44.72999954223633
2025-09-22,56.60111618041992,294.8999938964844,95.9000015258789,44.95000076293945
2025-09-23,57.63650131225586,302.45001220703125,96.4000015258789,44.90999984741211
2025-09-24,57.58720016479492,302.79998779296875,96.0999984741211,45.060001373291016
2025-09-25,57.38998031616211,300.25,95.9000015258789,45.20000076293945
2025-09-26,56.45320129394531,289.6499938964844,95.5999984741211,45.380001068115234
2025-09-30,56.995548248291016,296.79998779296875,96.5999984741211,45.380001068115234
2025-10-01,57.2913703918457,298.20001220703125,96.25,45.33000183105469
2025-10-02,58.37606430053711,306.70001220703125,97.1500015258789,45.25
2025-10-03,59.2142333984375,314.0,97.5,45.22999954223633
2025-10-07,60.841270446777344,327.79998779296875,97.5,45.220001220703125
2025-10-08,60.29892349243164,322.8500061035156,97.80000305175781,45.40999984741211
2025-10-09,60.74265670776367,327.79998779296875,98.75,45.369998931884766
2025-10-13,60.15100860595703,318.54998779296875,97.3499984741211,45.56999969482422
2025-10-14,59.855186462402344,315.6499938964844,97.3499984741211,45.68000030517578
2025-10-15,60.939876556396484,325.8999938964844,97.1500015258789,45.52000045776367
2025-10-16,62.123172760009766,337.70001220703125,97.3499984741211,45.59000015258789
2025-10-17,61.186397552490234,328.04998779296875,96.55000305175781,45.619998931884766
2025-10-20,62.22178268432617,337.6000061035156,97.94999694824219,45.560001373291016
2025-10-21,62.32039260864258,338.95001220703125,99.05000305175781,45.61000061035156
2025-10-22,61.82735061645508,336.8999938964844,99.4000015258789,45.77000045776367
2025-10-23,61.48221969604492,332.3999938964844,98.5,45.880001068115234
2025-10-27,62.91204071044922,347.75,101.3499984741211,45.849998474121094
2025-10-28,62.46830368041992,343.04998779296875,101.4000015258789,45.63999938964844
2025-10-29,63.503692626953125,352.5,102.5,45.59000015258789
2025-10-30,63.503692626953125,352.3500061035156,102.94999694824219,45.7400016784668
2025-10-31,63.848819732666016,355.1000061035156,102.9000015258789,45.83000183105469
2025-11-03,63.257171630859375,350.1499938964844,102.80000305175781,45.95000076293945
2025-11-04,63.05995178222656,346.1000061035156,102.44999694824219,46.099998474121094
2025-11-05,62.271087646484375,338.29998779296875,100.9000015258789,46.13999938964844
2025-11-06,62.41899871826172,344.75,101.9000015258789,46.15999984741211
2025-11-07,61.67943572998047,335.3999938964844,100.30000305175781,46.22999954223633
2025-11-10,62.46830368041992,343.0,100.94999694824219,46.290000915527344
2025-11-11,62.024566650390625,337.95001220703125,101.80000305175781,46.29999923706055
2025-11-12,62.32039260864258,343.70001220703125,102.1500015258789,46.380001068115234
2025-11-13,62.024566650390625,341.79998779296875,102.0999984741211,46.40999984741211
2025-11-14,60.841270446777344,327.8999938964844,99.9000015258789,46.459999084472656
2025-11-17,61.03848648071289,329.8999938964844,100.75,46.380001068115234
2025-11-18,59.608665466308594,314.8999938964844,99.0,46.58000183105469
2025-11-19,59.2142333984375,310.8500061035156,98.0999984741211,46.619998931884766
2025-11-20,61.03848648071289,329.75,100.55000305175781,46.650001525878906
2025-11-21,59.01701354980469,307.1499938964844,97.1500015258789,46.75
2025-11-24,58.72119140625,308.1000061035156,98.80000305175781,47.0099983215332
2025-11-25,59.51005554199219,315.04998779296875,100.55000305175781,47.02000045776367
2025-11-26,60.49613571166992,325.5,101.19999694824219,46.869998931884766
2025-11-27,61.03848648071289,331.75,101.75,46.83000183105469
2025-11-28,61.48221969604492,336.6000061035156,102.25,46.91999816894531
2025-12-01,60.64405059814453,327.45001220703125,101.75,47.0099983215332
2025-12-02,60.841270446777344,330.3500061035156,102.4000015258789,47.029998779296875
2025-12-03,61.43291473388672,335.3999938964844,103.30000305175781,46.95000076293945
2025-12-04,61.33430862426758,335.8999938964844,103.05000305175781,46.869998931884766
2025-12-05,61.87665557861328,340.6499938964844,103.44999694824219,46.869998931884766
2025-12-08,62.81343460083008,347.8999938964844,103.19999694824219,46.59000015258789
2025-12-09,62.714820861816406,346.5,102.69999694824219,46.650001525878906
2025-12-10,63.158565521240234,350.8500061035156,103.0,46.779998779296875
2025-12-11,62.46830368041992,343.0,102.30000305175781,46.75
2025-12-12,62.56691360473633,347.8500061035156,102.94999694824219,46.75
2025-12-15,61.92595672607422,339.54998779296875,101.6500015258789,46.880001068115234
2025-12-16,61.38361358642578,332.54998779296875,100.80000305175781,47.18000030517578
2025-12-17,61.03848648071289,330.79998779296875,101.80000305175781,47.29999923706055
2025-12-18,61.03848648071289,328.8999938964844,100.4000015258789,47.310001373291016
2025-12-19,61.63013458251953,336.3999938964844,101.6500015258789,47.31999969482422
2025-12-22,62.517608642578125,346.6000061035156,103.25,47.369998931884766
2025-12-23,62.81343460083008,348.1000061035156,103.1500015258789,47.2599983215332
2025-12-24,62.961341857910156,348.8999938964844,103.0999984741211,47.13999938964844
2025-12-26,63.503692626953125,354.75,103.75,47.16999816894531
2025-12-29,64.34185791015625,361.1499938964844,103.44999694824219,47.16999816894531
2025-12-30,64.24325561523438,360.3500061035156,102.94999694824219,47.130001068115234
2025-12-31,64.6869888305664,362.8999938964844,102.6500015258789,47.150001525878906
2026-01-02,66.01819610595703,375.25,102.69999694824219,47.2599983215332
2026-01-05,68.53270721435547,396.20001220703125,102.25,47.18000030517578
2026-01-06,69.42018127441406,404.29998779296875,103.1500015258789,47.29999923706055
2026-01-07,68.87783813476562,401.70001220703125,103.55000305175781,47.27000045776367
2026-01-08,69.12435913085938,400.70001220703125,103.9000015258789,47.5099983215332
2026-01-09,68.87783813476562,399.6499938964844,103.80000305175781,47.560001373291016
2026-01-12,69.37088012695312,406.04998779296875,103.9000015258789,47.54999923706055
2026-01-13,69.71600341796875,410.0,104.6500015258789,47.560001373291016
2026-01-14,69.76531219482422,414.0,104.5,47.560001373291016
2026-01-15,69.66670227050781,414.3500061035156,103.25,47.470001220703125
2026-01-16,70.99791717529297,427.3500061035156,103.75,47.40999984741211
2026-01-19,71.58956146240234,433.8999938964844,102.30000305175781,47.33000183105469
2026-01-20,71.58956146240234,434.0,102.5999984741211,47.529998779296875
2026-01-21,70.8499984741211,423.79998779296875,101.80000305175781,47.540000915527344
2026-01-22,71.80000305175781,434.45001220703125,103.3499984741211,47.540000915527344
2026-01-23,72.25,441.20001220703125,103.6500015258789,47.45000076293945
2026-01-26,72.25,441.45001220703125,103.0,47.220001220703125
2026-01-27,73.05000305175781,451.1000061035156,104.5,47.27000045776367
2026-01-28,74.19999694824219,463.95001220703125,104.44999694824219,47.029998779296875
2026-01-29,73.75,458.75,104.6500015258789,47.06999969482422
2026-01-30,72.5999984741211,444.95001220703125,103.5999984741211,47.2400016784668
2026-02-02,71.5,427.20001220703125,102.19999694824219,47.619998931884766
2026-02-03,72.94999694824219,444.3500061035156,104.75,47.52000045776367
2026-02-04,72.9000015258789,449.04998779296875,102.80000305175781,47.529998779296875
2026-02-05,72.0,433.8999938964844,101.3499984741211,47.63999938964844
2026-02-06,71.9000015258789,428.6499938964844,99.30000305175781,47.61000061035156
2026-02-09,73.94999694824219,454.0,102.1500015258789,47.560001373291016
2026-02-10,75.5,469.3500061035156,102.3499984741211,47.5
2026-02-11,77.19999694824219,486.1000061035156,102.0,47.36000061035156
2026-02-23,77.4000015258789,486.70001220703125,100.25,47.36000061035156
2026-02-24,79.4000015258789,514.2999877929688,100.3499984741211,47.400001525878906
2026-02-25,81.0999984741211,533.9000244140625,100.5999984741211,47.220001220703125
2026-02-26,81.1500015258789,537.8499755859375,101.3499984741211,47.13999938964844
2026-03-02,80.3499984741211,526.25,99.9000015258789,47.47999954223633
2026-03-03,78.75,500.45001220703125,100.5,47.599998474121094
2026-03-04,75.5999984741211,454.5,99.94999694824219,47.81999969482422
2026-03-05,77.4000015258789,478.79998779296875,101.9000015258789,47.7599983215332
2026-03-06,76.8499984741211,478.04998779296875,102.05000305175781,47.790000915527344
2026-03-09,73.5999984741211,430.20001220703125,98.9000015258789,48.02000045776367
2026-03-11,78.19999694824219,485.6000061035156,101.94999694824219,47.849998474121094
